[cv] repo  : /work/mech-ai-scratch/tirtho/TherapAgent
[cv] venv  : /work/mech-ai-scratch/tirtho/TherapAgent/.venv-therap
[cv] node  : nova21-gpu-6
[cv] gpu   : 0
[cv] seeds : 0 1 2 3 4
[cv] torch 2.4.1+cu118 cuda True

[cv] ═══════════════ seed = 0 ═══════════════
[cv] seed=0  binn x breast  → starting
cohort           : breast
scores csv       : /work/mech-ai-scratch/tirtho/TherapAgent/Intermediate Dataset/Breast_cancer.csv
mapping csv      : /work/mech-ai-scratch/tirtho/TherapAgent/Final DataSet/Breast_Cancer_final.csv
artifacts dir    : /work/mech-ai-scratch/tirtho/TherapAgent/binn/artifacts/breast
PHASE 1: Environment
  Python     : 3.11.11
  numpy      : 2.4.4
  pandas     : 3.0.3
  scipy      : 1.17.1
  sklearn    : 1.8.0
  torch      : 2.4.1+cu118
  joblib     : 1.5.3
  wrote LaTeX table → binn/artifacts/breast/tex/01_environment.tex

PHASE 2: Reactome hierarchy
  pathway rows in scores CSV     : 1706
  matched pathway nodes          : 1686 / 1706 (20 missing)
  layer 0                       : 1686 nodes
  layer 1                       : 656 nodes
  layer 2                       : 306 nodes
  layer 3                       : 163 nodes
  mask  0→1                  : (656, 1686) (active edges=1719)
  mask  1→2                  : (306, 656) (active edges=679)
  mask  2→3                  : (163, 306) (active edges=317)
  saved checkpoint → binn/artifacts/breast/reactome.pkl
  wrote LaTeX table → binn/artifacts/breast/tex/02_reactome_layers.tex

PHASE 3: Data preparation
  scores.csv samples             : 1218
  scores.csv pathways            : 1706
  mapping.csv labeled samples    : 618
  intersection (used by model)   : 618
  X shape                        : (618, 1686)
  Y shape                        : (618, 3)
  split (n)                      : train=494  val=62  test=62
  pos weights (train)            : TMT=0.10, RT=0.78, OS=0.33
  saved checkpoint → binn/artifacts/breast/splits.npz
  wrote LaTeX tables → binn/artifacts/breast/tex/

PHASE 4: Training
  device                         : cuda
  layer sizes                    : [1686, 656, 306, 163]
  active params                  : 14,535
  ep   1 *  train 0.3545  val 0.3709  lr 1.0e-03
  ep   2 *  train 0.3314  val 0.3688  lr 1.0e-03
  ep   3 *  train 0.3194  val 0.3681  lr 1.0e-03
  ep   4 *  train 0.3109  val 0.3590  lr 1.0e-03
  ep   5    train 0.3061  val 0.3598  lr 1.0e-03
  ep   7 *  train 0.2949  val 0.3558  lr 1.0e-03
  ep  10    train 0.2807  val 0.3683  lr 1.0e-03
  ep  11 *  train 0.2763  val 0.3557  lr 1.0e-03
  ep  15    train 0.2635  val 0.3722  lr 1.0e-03
  ep  20    train 0.2500  val 0.3687  lr 5.0e-04
  ep  25    train 0.2398  val 0.3661  lr 5.0e-04
  ep  30    train 0.2404  val 0.3672  lr 2.5e-04
  early stop @ epoch 31
  saved checkpoint → binn/artifacts/breast/binn.pt
  wrote LaTeX table → binn/artifacts/breast/tex/04_training_summary.tex

PHASE 5: Evaluation

  === VAL ===
  head    thr   AUROC   AUPRC      F1     Acc    TN   FP   FN   TP    n+   n-
  TMT    0.20   0.478   0.888   0.940   0.887     0    7    0   55    55    7
  RT     0.40   0.619   0.604   0.786   0.710    11   18    0   33    33   29
  OS     0.19   0.736   0.890   0.835   0.726     2   17    0   43    43   19

  === TEST ===
  head    thr   AUROC   AUPRC      F1     Acc    TN   FP   FN   TP    n+   n-
  TMT    0.20   0.636   0.933   0.940   0.887     0    7    0   55    55    7
  RT     0.40   0.570   0.673   0.608   0.500     7   21   10   24    34   28
  OS     0.19   0.688   0.877   0.852   0.742     0   15    1   46    47   15
  saved results → binn/artifacts/breast/results.json
  wrote LaTeX table → binn/artifacts/breast/tex/05_metrics.tex
  saved pathway importance → binn/artifacts/breast/importance.npz

[cv] seed=0  binn x breast  done in 7s → results_cv/seed0/binn__breast.json
[cv] seed=0  graphpath x breast  → starting
cohort           : breast
scores csv       : /work/mech-ai-scratch/tirtho/TherapAgent/Intermediate Dataset/Breast_cancer.csv
mapping csv      : /work/mech-ai-scratch/tirtho/TherapAgent/Final DataSet/Breast_Cancer_final.csv
artifacts dir    : /work/mech-ai-scratch/tirtho/TherapAgent/graphpath/artifacts/breast
PHASE 1: Environment
  Python     : 3.11.11
  numpy      : 2.4.4
  pandas     : 3.0.3
  scipy      : 1.17.1
  sklearn    : 1.8.0
  torch      : 2.4.1+cu118
  wrote LaTeX table → graphpath/artifacts/breast/tex/01_environment.tex

PHASE 2: Reactome pathway-pathway adjacency
  pathway rows in scores CSV     : 1706
  matched pathways               : 1686 (missing 20)
  undirected edges               : 4672
  degree min/mean/max            : 0 / 5.54 / 29
  siblings included              : True
  saved checkpoint → graphpath/artifacts/breast/reactome.pkl
  wrote LaTeX table → graphpath/artifacts/breast/tex/02_pathway_graph.tex

PHASE 3: Data preparation
  scores.csv samples             : 1218
  mapping.csv labeled samples    : 618
  intersection (used by model)   : 618
  X shape                        : (618, 1686)
  Y shape                        : (618, 3)
  split (n)                      : train=494 val=62 test=62
  pos weights                    : TMT=0.10, RT=0.78, OS=0.33
  wrote LaTeX tables → graphpath/artifacts/breast/tex/

PHASE 4: Training
  device                         : cuda
  pathways                       : 1686
  trainable params               : 125,894
  ep   1 *  train 0.3513  val 0.3679  lr 5.0e-02
  ep   2 *  train 0.3462  val 0.3643  lr 5.0e-02
  ep   3 *  train 0.3437  val 0.3617  lr 5.0e-02
  ep   5    train 0.3480  val 0.3696  lr 5.0e-02
  ep  10    train 0.3530  val 0.3741  lr 5.0e-02
  ep  15    train 0.3529  val 0.3743  lr 2.5e-02
  ep  20    train 0.3529  val 0.3739  lr 2.5e-02
  ep  25    train 0.3528  val 0.3745  lr 1.3e-02
  early stop @ epoch 28
  saved checkpoint → graphpath/artifacts/breast/graphpath.pt
  wrote LaTeX table → graphpath/artifacts/breast/tex/04_training_summary.tex

PHASE 5: Evaluation

  === VAL ===
  head    thr   AUROC   AUPRC      F1     Acc    TN   FP   FN   TP    n+   n-
  TMT    0.43   0.522   0.920   0.940   0.887     0    7    0   55    55    7
  RT     0.43   0.704   0.666   0.750   0.645     7   22    0   33    33   29
  OS     0.48   0.639   0.827   0.837   0.742     5   14    2   41    43   19

  === TEST ===
  head    thr   AUROC   AUPRC      F1     Acc    TN   FP   FN   TP    n+   n-
  TMT    0.43   0.616   0.938   0.940   0.887     0    7    0   55    55    7
  RT     0.43   0.574   0.657   0.688   0.532     1   27    2   32    34   28
  OS     0.48   0.576   0.821   0.854   0.758     3   12    3   44    47   15
  saved results → graphpath/artifacts/breast/results.json
  wrote LaTeX table → graphpath/artifacts/breast/tex/05_metrics.tex
  saved pathway importance → graphpath/artifacts/breast/importance.npz

[cv] seed=0  graphpath x breast  done in 21s → results_cv/seed0/graphpath__breast.json
[cv] seed=0  path x breast  → starting
cohort           : breast
scores csv       : /work/mech-ai-scratch/tirtho/TherapAgent/Intermediate Dataset/Breast_cancer.csv
mapping csv      : /work/mech-ai-scratch/tirtho/TherapAgent/Final DataSet/Breast_Cancer_final.csv
artifacts dir    : /work/mech-ai-scratch/tirtho/TherapAgent/path/artifacts/breast
PHASE 1: Environment
  Python     : 3.11.11
  numpy      : 2.4.4
  pandas     : 3.0.3
  scipy      : 1.17.1
  sklearn    : 1.8.0
  torch      : 2.4.1+cu118
  wrote LaTeX table → path/artifacts/breast/tex/01_environment.tex

PHASE 2: Reactome Jaccard adjacency
  pathway rows in scores CSV     : 1706
  matched pathways               : 1431 (missing 275)
  undirected edges               : 243210
  max Jaccard (after norm)       : 1.000
  median pathway gene-set size   : 42
  degree min/mean/max            : 7 / 339.9 / 1270
  saved checkpoint → path/artifacts/breast/reactome.pkl
  wrote LaTeX table → path/artifacts/breast/tex/02_pathway_graph.tex

PHASE 3: Data preparation
  scores.csv samples             : 1218
  mapping.csv labeled samples    : 618
  intersection (used by model)   : 618
  X shape                        : (618, 1431)
  Y shape                        : (618, 3)
  split (n)                      : train=494 val=62 test=62
  pos weights                    : TMT=0.10, RT=0.78, OS=0.33
  wrote LaTeX tables → path/artifacts/breast/tex/

PHASE 4: Training
  device                         : cuda
  pathways                       : 1431
  transformer layers / heads     : 2 / 4
  trainable params               : 4,295,292
  ep   1 *  train 0.3574  val 0.3721  lr 1.0e-04
  ep   5    train 0.3522  val 0.3737  lr 1.0e-04
  ep   7 *  train 0.3507  val 0.3702  lr 1.0e-04
  ep   8 *  train 0.3502  val 0.3698  lr 1.0e-04
  ep  10 *  train 0.3516  val 0.3689  lr 1.0e-04
  ep  11 *  train 0.3491  val 0.3679  lr 1.0e-04
  ep  15    train 0.3473  val 0.3706  lr 1.0e-04
  ep  20    train 0.3466  val 0.3685  lr 1.0e-04
  ep  21 *  train 0.3475  val 0.3674  lr 1.0e-04
  ep  22 *  train 0.3491  val 0.3657  lr 1.0e-04
  ep  25    train 0.3470  val 0.3692  lr 1.0e-04
  ep  30    train 0.3379  val 0.3672  lr 1.0e-04
  ep  32 *  train 0.3378  val 0.3657  lr 1.0e-04
  ep  35    train 0.3299  val 0.3797  lr 5.0e-05
  ep  40    train 0.3239  val 0.3850  lr 5.0e-05
  ep  45    train 0.3133  val 0.3916  lr 2.5e-05
  ep  50    train 0.3079  val 0.3983  lr 2.5e-05
  ep  55    train 0.3036  val 0.3971  lr 1.3e-05
  early stop @ epoch 57
  saved checkpoint → path/artifacts/breast/path.pt
  wrote LaTeX table → path/artifacts/breast/tex/04_training_summary.tex

PHASE 5: Evaluation

  === VAL ===
  head    thr   AUROC   AUPRC      F1     Acc    TN   FP   FN   TP    n+   n-
  TMT    0.44   0.434   0.895   0.940   0.887     0    7    0   55    55    7
  RT     0.34   0.639   0.607   0.725   0.597     4   25    0   33    33   29
  OS     0.28   0.618   0.783   0.819   0.694     0   19    0   43    43   19

  === TEST ===
  head    thr   AUROC   AUPRC      F1     Acc    TN   FP   FN   TP    n+   n-
  TMT    0.44   0.616   0.923   0.940   0.887     0    7    0   55    55    7
  RT     0.34   0.491   0.589   0.674   0.516     1   27    3   31    34   28
  OS     0.28   0.597   0.788   0.862   0.758     0   15    0   47    47   15
  saved results → path/artifacts/breast/results.json
  wrote LaTeX table → path/artifacts/breast/tex/05_metrics.tex
  saved pathway importance → path/artifacts/breast/importance.npz

[cv] seed=0  path x breast  done in 90s → results_cv/seed0/path__breast.json
[cv] seed=0  binn x lung  → starting
cohort           : lung
scores csv       : /work/mech-ai-scratch/tirtho/TherapAgent/Intermediate Dataset/Lung_cancer.csv
mapping csv      : /work/mech-ai-scratch/tirtho/TherapAgent/Final DataSet/Lung_cancer_final.csv
artifacts dir    : /work/mech-ai-scratch/tirtho/TherapAgent/binn/artifacts/lung
PHASE 1: Environment
  Python     : 3.11.11
  numpy      : 2.4.4
  pandas     : 3.0.3
  scipy      : 1.17.1
  sklearn    : 1.8.0
  torch      : 2.4.1+cu118
  joblib     : 1.5.3
  wrote LaTeX table → binn/artifacts/lung/tex/01_environment.tex

PHASE 2: Reactome hierarchy
  pathway rows in scores CSV     : 1706
  matched pathway nodes          : 1686 / 1706 (20 missing)
  layer 0                       : 1686 nodes
  layer 1                       : 656 nodes
  layer 2                       : 306 nodes
  layer 3                       : 163 nodes
  mask  0→1                  : (656, 1686) (active edges=1719)
  mask  1→2                  : (306, 656) (active edges=679)
  mask  2→3                  : (163, 306) (active edges=317)
  saved checkpoint → binn/artifacts/lung/reactome.pkl
  wrote LaTeX table → binn/artifacts/lung/tex/02_reactome_layers.tex

PHASE 3: Data preparation
  scores.csv samples             : 1129
  scores.csv pathways            : 1706
  mapping.csv labeled samples    : 970
  intersection (used by model)   : 970
  X shape                        : (970, 1686)
  Y shape                        : (970, 3)
  split (n)                      : train=776  val=97  test=97
  pos weights (train)            : TMT=2.12, RT=6.46, OS=0.12
  saved checkpoint → binn/artifacts/lung/splits.npz
  wrote LaTeX tables → binn/artifacts/lung/tex/

PHASE 4: Training
  device                         : cuda
  layer sizes                    : [1686, 656, 306, 163]
  active params                  : 14,535
  ep   1 *  train 0.7838  val 0.6692  lr 1.0e-03
  ep   2 *  train 0.7485  val 0.6506  lr 1.0e-03
  ep   5    train 0.6899  val 0.6830  lr 1.0e-03
  ep  10    train 0.6332  val 0.7134  lr 5.0e-04
  ep  15    train 0.6120  val 0.6753  lr 5.0e-04
  ep  20    train 0.5898  val 0.6805  lr 2.5e-04
  early stop @ epoch 22
  saved checkpoint → binn/artifacts/lung/binn.pt
  wrote LaTeX table → binn/artifacts/lung/tex/04_training_summary.tex

PHASE 5: Evaluation

  === VAL ===
  head    thr   AUROC   AUPRC      F1     Acc    TN   FP   FN   TP    n+   n-
  TMT    0.42   0.645   0.366   0.523   0.567    32   38    4   23    27   70
  RT     0.53   0.605   0.109   0.211   0.691    63   27    3    4     7   90
  OS     0.36   0.636   0.933   0.940   0.887     0   11    0   86    86   11

  === TEST ===
  head    thr   AUROC   AUPRC      F1     Acc    TN   FP   FN   TP    n+   n-
  TMT    0.42   0.542   0.396   0.519   0.485    20   42    8   27    35   62
  RT     0.53   0.552   0.170   0.226   0.577    50   34    7    6    13   84
  OS     0.36   0.650   0.930   0.940   0.887     0   11    0   86    86   11
  saved results → binn/artifacts/lung/results.json
  wrote LaTeX table → binn/artifacts/lung/tex/05_metrics.tex
  saved pathway importance → binn/artifacts/lung/importance.npz

[cv] seed=0  binn x lung  done in 7s → results_cv/seed0/binn__lung.json
[cv] seed=0  graphpath x lung  → starting
cohort           : lung
scores csv       : /work/mech-ai-scratch/tirtho/TherapAgent/Intermediate Dataset/Lung_cancer.csv
mapping csv      : /work/mech-ai-scratch/tirtho/TherapAgent/Final DataSet/Lung_cancer_final.csv
artifacts dir    : /work/mech-ai-scratch/tirtho/TherapAgent/graphpath/artifacts/lung
PHASE 1: Environment
  Python     : 3.11.11
  numpy      : 2.4.4
  pandas     : 3.0.3
  scipy      : 1.17.1
  sklearn    : 1.8.0
  torch      : 2.4.1+cu118
  wrote LaTeX table → graphpath/artifacts/lung/tex/01_environment.tex

PHASE 2: Reactome pathway-pathway adjacency
  pathway rows in scores CSV     : 1706
  matched pathways               : 1686 (missing 20)
  undirected edges               : 4672
  degree min/mean/max            : 0 / 5.54 / 29
  siblings included              : True
  saved checkpoint → graphpath/artifacts/lung/reactome.pkl
  wrote LaTeX table → graphpath/artifacts/lung/tex/02_pathway_graph.tex

PHASE 3: Data preparation
  scores.csv samples             : 1129
  mapping.csv labeled samples    : 970
  intersection (used by model)   : 970
  X shape                        : (970, 1686)
  Y shape                        : (970, 3)
  split (n)                      : train=776 val=97 test=97
  pos weights                    : TMT=2.12, RT=6.46, OS=0.12
  wrote LaTeX tables → graphpath/artifacts/lung/tex/

PHASE 4: Training
  device                         : cuda
  pathways                       : 1686
  trainable params               : 125,894
  ep   1 *  train 0.7710  val 0.7745  lr 5.0e-02
  ep   2 *  train 0.7788  val 0.7248  lr 5.0e-02
  ep   3 *  train 0.7785  val 0.7100  lr 5.0e-02
  ep   4 *  train 0.7678  val 0.6637  lr 5.0e-02
  ep   5 *  train 0.7680  val 0.6555  lr 5.0e-02
  ep  10    train 0.7888  val 0.7503  lr 5.0e-02
  ep  15    train 0.7985  val 0.6856  lr 2.5e-02
  ep  20    train 0.7659  val 0.6768  lr 2.5e-02
  ep  25    train 0.7649  val 0.6759  lr 1.3e-02
  ep  30    train 0.7649  val 0.6764  lr 1.3e-02
  early stop @ epoch 30
  saved checkpoint → graphpath/artifacts/lung/graphpath.pt
  wrote LaTeX table → graphpath/artifacts/lung/tex/04_training_summary.tex

PHASE 5: Evaluation

  === VAL ===
  head    thr   AUROC   AUPRC      F1     Acc    TN   FP   FN   TP    n+   n-
  TMT    0.39   0.545   0.375   0.456   0.361     9   61    1   26    27   70
  RT     0.39   0.531   0.182   0.308   0.907    86    4    5    2     7   90
  OS     0.58   0.445   0.892   0.940   0.887     0   11    0   86    86   11

  === TEST ===
  head    thr   AUROC   AUPRC      F1     Acc    TN   FP   FN   TP    n+   n-
  TMT    0.39   0.502   0.365   0.547   0.454    12   50    3   32    35   62
  RT     0.39   0.538   0.148   0.091   0.794    76    8   12    1    13   84
  OS     0.58   0.391   0.879   0.940   0.887     0   11    0   86    86   11
  saved results → graphpath/artifacts/lung/results.json
  wrote LaTeX table → graphpath/artifacts/lung/tex/05_metrics.tex
  saved pathway importance → graphpath/artifacts/lung/importance.npz

[cv] seed=0  graphpath x lung  done in 33s → results_cv/seed0/graphpath__lung.json
[cv] seed=0  path x lung  → starting
cohort           : lung
scores csv       : /work/mech-ai-scratch/tirtho/TherapAgent/Intermediate Dataset/Lung_cancer.csv
mapping csv      : /work/mech-ai-scratch/tirtho/TherapAgent/Final DataSet/Lung_cancer_final.csv
artifacts dir    : /work/mech-ai-scratch/tirtho/TherapAgent/path/artifacts/lung
PHASE 1: Environment
  Python     : 3.11.11
  numpy      : 2.4.4
  pandas     : 3.0.3
  scipy      : 1.17.1
  sklearn    : 1.8.0
  torch      : 2.4.1+cu118
  wrote LaTeX table → path/artifacts/lung/tex/01_environment.tex

PHASE 2: Reactome Jaccard adjacency
  pathway rows in scores CSV     : 1706
  matched pathways               : 1431 (missing 275)
  undirected edges               : 243210
  max Jaccard (after norm)       : 1.000
  median pathway gene-set size   : 42
  degree min/mean/max            : 7 / 339.9 / 1270
  saved checkpoint → path/artifacts/lung/reactome.pkl
  wrote LaTeX table → path/artifacts/lung/tex/02_pathway_graph.tex

PHASE 3: Data preparation
  scores.csv samples             : 1129
  mapping.csv labeled samples    : 970
  intersection (used by model)   : 970
  X shape                        : (970, 1431)
  Y shape                        : (970, 3)
  split (n)                      : train=776 val=97 test=97
  pos weights                    : TMT=2.12, RT=6.46, OS=0.12
  wrote LaTeX tables → path/artifacts/lung/tex/

PHASE 4: Training
  device                         : cuda
  pathways                       : 1431
  transformer layers / heads     : 2 / 4
  trainable params               : 4,295,292
  ep   1 *  train 0.7827  val 0.6857  lr 1.0e-04
  ep   2 *  train 0.7739  val 0.6808  lr 1.0e-04
  ep   3 *  train 0.7721  val 0.6797  lr 1.0e-04
  ep   4 *  train 0.7707  val 0.6683  lr 1.0e-04
  ep   5    train 0.7599  val 0.6836  lr 1.0e-04
  ep   6 *  train 0.7600  val 0.6633  lr 1.0e-04
  ep   7 *  train 0.7652  val 0.6621  lr 1.0e-04
  ep  10 *  train 0.7568  val 0.6599  lr 1.0e-04
  ep  15    train 0.7306  val 0.7607  lr 1.0e-04
  ep  20    train 0.6797  val 0.6998  lr 1.0e-04
  ep  25    train 0.6012  val 0.7328  lr 5.0e-05
  ep  30    train 0.5620  val 0.7705  lr 5.0e-05
  ep  35    train 0.5338  val 0.7488  lr 2.5e-05
  ep  40    train 0.5113  val 0.7866  lr 2.5e-05
  ep  45    train 0.4983  val 0.7573  lr 1.3e-05
  early stop @ epoch 49
  saved checkpoint → path/artifacts/lung/path.pt
  wrote LaTeX table → path/artifacts/lung/tex/04_training_summary.tex

PHASE 5: Evaluation

  === VAL ===
  head    thr   AUROC   AUPRC      F1     Acc    TN   FP   FN   TP    n+   n-
  TMT    0.48   0.581   0.348   0.465   0.526    31   39    7   20    27   70
  RT     0.57   0.551   0.153   0.333   0.918    87    3    5    2     7   90
  OS     0.39   0.577   0.922   0.940   0.887     0   11    0   86    86   11

  === TEST ===
  head    thr   AUROC   AUPRC      F1     Acc    TN   FP   FN   TP    n+   n-
  TMT    0.48   0.519   0.407   0.442   0.454    23   39   14   21    35   62
  RT     0.57   0.449   0.127   0.000   0.804    78    6   13    0    13   84
  OS     0.39   0.436   0.889   0.940   0.887     0   11    0   86    86   11
  saved results → path/artifacts/lung/results.json
  wrote LaTeX table → path/artifacts/lung/tex/05_metrics.tex
  saved pathway importance → path/artifacts/lung/importance.npz

[cv] seed=0  path x lung  done in 119s → results_cv/seed0/path__lung.json
[cv] seed=0  binn x prostate  → starting
cohort           : prostate
scores csv       : /work/mech-ai-scratch/tirtho/TherapAgent/Intermediate Dataset/Prostate_cancer.csv
mapping csv      : /work/mech-ai-scratch/tirtho/TherapAgent/Final DataSet/Prostate_cancer_final.csv
artifacts dir    : /work/mech-ai-scratch/tirtho/TherapAgent/binn/artifacts/prostate
PHASE 1: Environment
  Python     : 3.11.11
  numpy      : 2.4.4
  pandas     : 3.0.3
  scipy      : 1.17.1
  sklearn    : 1.8.0
  torch      : 2.4.1+cu118
  joblib     : 1.5.3
  wrote LaTeX table → binn/artifacts/prostate/tex/01_environment.tex

PHASE 2: Reactome hierarchy
  pathway rows in scores CSV     : 1706
  matched pathway nodes          : 1686 / 1706 (20 missing)
  layer 0                       : 1686 nodes
  layer 1                       : 656 nodes
  layer 2                       : 306 nodes
  layer 3                       : 163 nodes
  mask  0→1                  : (656, 1686) (active edges=1719)
  mask  1→2                  : (306, 656) (active edges=679)
  mask  2→3                  : (163, 306) (active edges=317)
  saved checkpoint → binn/artifacts/prostate/reactome.pkl
  wrote LaTeX table → binn/artifacts/prostate/tex/02_reactome_layers.tex

PHASE 3: Data preparation
  scores.csv samples             : 550
  scores.csv pathways            : 1706
  mapping.csv labeled samples    : 496
  intersection (used by model)   : 496
  X shape                        : (496, 1686)
  Y shape                        : (496, 3)
  split (n)                      : train=396  val=50  test=50
  pos weights (train)            : TMT=8.66, RT=6.92, OS=0.10
  saved checkpoint → binn/artifacts/prostate/splits.npz
  wrote LaTeX tables → binn/artifacts/prostate/tex/

PHASE 4: Training
  device                         : cuda
  layer sizes                    : [1686, 656, 306, 163]
  active params                  : 14,535
  ep   1 *  train 0.7897  val 0.9137  lr 1.0e-03
  ep   2 *  train 0.6952  val 0.9102  lr 1.0e-03
  ep   3 *  train 0.6600  val 0.8899  lr 1.0e-03
  ep   4 *  train 0.6284  val 0.8778  lr 1.0e-03
  ep   5 *  train 0.6086  val 0.8567  lr 1.0e-03
  ep   6 *  train 0.5875  val 0.8235  lr 1.0e-03
  ep   7 *  train 0.5731  val 0.8119  lr 1.0e-03
  ep   8 *  train 0.5520  val 0.8103  lr 1.0e-03
  ep  10 *  train 0.5271  val 0.8062  lr 1.0e-03
  ep  12 *  train 0.5001  val 0.7923  lr 1.0e-03
  ep  13 *  train 0.4988  val 0.7850  lr 1.0e-03
  ep  15    train 0.4656  val 0.8172  lr 1.0e-03
  ep  20    train 0.3999  val 0.8373  lr 1.0e-03
  ep  25    train 0.3710  val 0.8526  lr 5.0e-04
  ep  30    train 0.3560  val 0.8272  lr 2.5e-04
  early stop @ epoch 33
  saved checkpoint → binn/artifacts/prostate/binn.pt
  wrote LaTeX table → binn/artifacts/prostate/tex/04_training_summary.tex

PHASE 5: Evaluation

  === VAL ===
  head    thr   AUROC   AUPRC      F1     Acc    TN   FP   FN   TP    n+   n-
  TMT    0.76   0.827   0.592   0.588   0.860    38    3    4    5     9   41
  RT     0.65   0.723   0.231   0.400   0.760    34   10    2    4     6   44
  OS     0.33   0.800   0.977   0.947   0.900     0    5    0   45    45    5

  === TEST ===
  head    thr   AUROC   AUPRC      F1     Acc    TN   FP   FN   TP    n+   n-
  TMT    0.76   0.734   0.249   0.200   0.840    41    5    3    1     4   46
  RT     0.65   0.858   0.329   0.222   0.860    42    3    4    1     5   45
  OS     0.33   0.837   0.996   0.980   0.960     0    1    1   48    49    1
  saved results → binn/artifacts/prostate/results.json
  wrote LaTeX table → binn/artifacts/prostate/tex/05_metrics.tex
  saved pathway importance → binn/artifacts/prostate/importance.npz

[cv] seed=0  binn x prostate  done in 6s → results_cv/seed0/binn__prostate.json
[cv] seed=0  graphpath x prostate  → starting
cohort           : prostate
scores csv       : /work/mech-ai-scratch/tirtho/TherapAgent/Intermediate Dataset/Prostate_cancer.csv
mapping csv      : /work/mech-ai-scratch/tirtho/TherapAgent/Final DataSet/Prostate_cancer_final.csv
artifacts dir    : /work/mech-ai-scratch/tirtho/TherapAgent/graphpath/artifacts/prostate
PHASE 1: Environment
  Python     : 3.11.11
  numpy      : 2.4.4
  pandas     : 3.0.3
  scipy      : 1.17.1
  sklearn    : 1.8.0
  torch      : 2.4.1+cu118
  wrote LaTeX table → graphpath/artifacts/prostate/tex/01_environment.tex

PHASE 2: Reactome pathway-pathway adjacency
  pathway rows in scores CSV     : 1706
  matched pathways               : 1686 (missing 20)
  undirected edges               : 4672
  degree min/mean/max            : 0 / 5.54 / 29
  siblings included              : True
  saved checkpoint → graphpath/artifacts/prostate/reactome.pkl
  wrote LaTeX table → graphpath/artifacts/prostate/tex/02_pathway_graph.tex

PHASE 3: Data preparation
  scores.csv samples             : 550
  mapping.csv labeled samples    : 496
  intersection (used by model)   : 496
  X shape                        : (496, 1686)
  Y shape                        : (496, 3)
  split (n)                      : train=396 val=50 test=50
  pos weights                    : TMT=8.66, RT=6.92, OS=0.10
  wrote LaTeX tables → graphpath/artifacts/prostate/tex/

PHASE 4: Training
  device                         : cuda
  pathways                       : 1686
  trainable params               : 125,894
  ep   1 *  train 0.8130  val 1.3898  lr 5.0e-02
  ep   2 *  train 0.8502  val 0.8841  lr 5.0e-02
  ep   4 *  train 0.6670  val 0.8679  lr 5.0e-02
  ep   5    train 0.6473  val 0.9360  lr 5.0e-02
  ep  10    train 1.9194  val 2.3926  lr 5.0e-02
  ep  15    train 0.9000  val 0.9401  lr 2.5e-02
  ep  17 *  train 0.7159  val 0.8105  lr 2.5e-02
  ep  20    train 0.5813  val 0.9937  lr 2.5e-02
  ep  25    train 0.5344  val 0.9940  lr 2.5e-02
  ep  30    train 0.4565  val 1.0867  lr 1.3e-02
  ep  35    train 0.4273  val 0.9879  lr 6.3e-03
  ep  40    train 0.4067  val 0.9884  lr 6.3e-03
  early stop @ epoch 42
  saved checkpoint → graphpath/artifacts/prostate/graphpath.pt
  wrote LaTeX table → graphpath/artifacts/prostate/tex/04_training_summary.tex

PHASE 5: Evaluation

  === VAL ===
  head    thr   AUROC   AUPRC      F1     Acc    TN   FP   FN   TP    n+   n-
  TMT    0.80   0.808   0.563   0.526   0.820    36    5    4    5     9   41
  RT     0.60   0.708   0.228   0.364   0.720    32   12    2    4     6   44
  OS     0.43   0.640   0.915   0.947   0.900     0    5    0   45    45    5

  === TEST ===
  head    thr   AUROC   AUPRC      F1     Acc    TN   FP   FN   TP    n+   n-
  TMT    0.80   0.668   0.178   0.000   0.820    41    5    4    0     4   46
  RT     0.60   0.782   0.245   0.308   0.820    39    6    3    2     5   45
  OS     0.43   0.796   0.995   0.990   0.980     0    1    0   49    49    1
  saved results → graphpath/artifacts/prostate/results.json
  wrote LaTeX table → graphpath/artifacts/prostate/tex/05_metrics.tex
  saved pathway importance → graphpath/artifacts/prostate/importance.npz

[cv] seed=0  graphpath x prostate  done in 24s → results_cv/seed0/graphpath__prostate.json
[cv] seed=0  path x prostate  → starting
cohort           : prostate
scores csv       : /work/mech-ai-scratch/tirtho/TherapAgent/Intermediate Dataset/Prostate_cancer.csv
mapping csv      : /work/mech-ai-scratch/tirtho/TherapAgent/Final DataSet/Prostate_cancer_final.csv
artifacts dir    : /work/mech-ai-scratch/tirtho/TherapAgent/path/artifacts/prostate
PHASE 1: Environment
  Python     : 3.11.11
  numpy      : 2.4.4
  pandas     : 3.0.3
  scipy      : 1.17.1
  sklearn    : 1.8.0
  torch      : 2.4.1+cu118
  wrote LaTeX table → path/artifacts/prostate/tex/01_environment.tex

PHASE 2: Reactome Jaccard adjacency
  pathway rows in scores CSV     : 1706
  matched pathways               : 1431 (missing 275)
  undirected edges               : 243210
  max Jaccard (after norm)       : 1.000
  median pathway gene-set size   : 42
  degree min/mean/max            : 7 / 339.9 / 1270
  saved checkpoint → path/artifacts/prostate/reactome.pkl
  wrote LaTeX table → path/artifacts/prostate/tex/02_pathway_graph.tex

PHASE 3: Data preparation
  scores.csv samples             : 550
  mapping.csv labeled samples    : 496
  intersection (used by model)   : 496
  X shape                        : (496, 1431)
  Y shape                        : (496, 3)
  split (n)                      : train=396 val=50 test=50
  pos weights                    : TMT=8.66, RT=6.92, OS=0.10
  wrote LaTeX tables → path/artifacts/prostate/tex/

PHASE 4: Training
  device                         : cuda
  pathways                       : 1431
  transformer layers / heads     : 2 / 4
  trainable params               : 4,295,292
  ep   1 *  train 0.8948  val 0.9851  lr 1.0e-04
  ep   2 *  train 0.8354  val 0.9440  lr 1.0e-04
  ep   3 *  train 0.8333  val 0.9262  lr 1.0e-04
  ep   4 *  train 0.8034  val 0.9180  lr 1.0e-04
  ep   5 *  train 0.7987  val 0.8969  lr 1.0e-04
  ep   7 *  train 0.7777  val 0.8846  lr 1.0e-04
  ep  10 *  train 0.7594  val 0.8709  lr 1.0e-04
  ep  15    train 0.7108  val 0.8911  lr 1.0e-04
  ep  18 *  train 0.6953  val 0.8548  lr 1.0e-04
  ep  20    train 0.6561  val 0.8595  lr 1.0e-04
  ep  21 *  train 0.6679  val 0.8357  lr 1.0e-04
  ep  23 *  train 0.6173  val 0.8276  lr 1.0e-04
  ep  24 *  train 0.6050  val 0.8226  lr 1.0e-04
  ep  25    train 0.6147  val 0.8254  lr 1.0e-04
  ep  30    train 0.5282  val 0.8666  lr 1.0e-04
  ep  35    train 0.4989  val 0.8795  lr 5.0e-05
  ep  40    train 0.4244  val 0.9478  lr 5.0e-05
  ep  45    train 0.4260  val 0.9396  lr 5.0e-05
  early stop @ epoch 49
  saved checkpoint → path/artifacts/prostate/path.pt
  wrote LaTeX table → path/artifacts/prostate/tex/04_training_summary.tex

PHASE 5: Evaluation

  === VAL ===
  head    thr   AUROC   AUPRC      F1     Acc    TN   FP   FN   TP    n+   n-
  TMT    0.65   0.856   0.595   0.615   0.800    32    9    1    8     9   41
  RT     0.55   0.674   0.185   0.357   0.640    27   17    1    5     6   44
  OS     0.41   0.658   0.907   0.947   0.900     0    5    0   45    45    5

  === TEST ===
  head    thr   AUROC   AUPRC      F1     Acc    TN   FP   FN   TP    n+   n-
  TMT    0.65   0.717   0.165   0.167   0.800    39    7    3    1     4   46
  RT     0.55   0.764   0.215   0.300   0.720    33   12    2    3     5   45
  OS     0.41   0.694   0.993   0.990   0.980     0    1    0   49    49    1
  saved results → path/artifacts/prostate/results.json
  wrote LaTeX table → path/artifacts/prostate/tex/05_metrics.tex
  saved pathway importance → path/artifacts/prostate/importance.npz

[cv] seed=0  path x prostate  done in 63s → results_cv/seed0/path__prostate.json
[cv] seed=0  binn x head_neck  → starting
cohort           : head_neck
scores csv       : /work/mech-ai-scratch/tirtho/TherapAgent/Intermediate Dataset/Head_Neck_Cancer.csv
mapping csv      : /work/mech-ai-scratch/tirtho/TherapAgent/Final DataSet/Head_Neck_Cancer_Final.csv
artifacts dir    : /work/mech-ai-scratch/tirtho/TherapAgent/binn/artifacts/head_neck
PHASE 1: Environment
  Python     : 3.11.11
  numpy      : 2.4.4
  pandas     : 3.0.3
  scipy      : 1.17.1
  sklearn    : 1.8.0
  torch      : 2.4.1+cu118
  joblib     : 1.5.3
  wrote LaTeX table → binn/artifacts/head_neck/tex/01_environment.tex

PHASE 2: Reactome hierarchy
  pathway rows in scores CSV     : 1706
  matched pathway nodes          : 1686 / 1706 (20 missing)
  layer 0                       : 1686 nodes
  layer 1                       : 656 nodes
  layer 2                       : 306 nodes
  layer 3                       : 163 nodes
  mask  0→1                  : (656, 1686) (active edges=1719)
  mask  1→2                  : (306, 656) (active edges=679)
  mask  2→3                  : (163, 306) (active edges=317)
  saved checkpoint → binn/artifacts/head_neck/reactome.pkl
  wrote LaTeX table → binn/artifacts/head_neck/tex/02_reactome_layers.tex

PHASE 3: Data preparation
  scores.csv samples             : 566
  scores.csv pathways            : 1706
  mapping.csv labeled samples    : 429
  intersection (used by model)   : 429
  X shape                        : (429, 1686)
  Y shape                        : (429, 3)
  split (n)                      : train=343  val=43  test=43
  pos weights (train)            : TMT=2.01, RT=0.61, OS=0.10
  saved checkpoint → binn/artifacts/head_neck/splits.npz
  wrote LaTeX tables → binn/artifacts/head_neck/tex/

PHASE 4: Training
  device                         : cuda
  layer sizes                    : [1686, 656, 306, 163]
  active params                  : 14,535
  ep   1 *  train 0.5262  val 0.5323  lr 1.0e-03
  ep   2 *  train 0.4854  val 0.5212  lr 1.0e-03
  ep   3 *  train 0.4703  val 0.5183  lr 1.0e-03
  ep   4 *  train 0.4582  val 0.5148  lr 1.0e-03
  ep   5 *  train 0.4494  val 0.5063  lr 1.0e-03
  ep   6 *  train 0.4369  val 0.5038  lr 1.0e-03
  ep   8 *  train 0.4221  val 0.4993  lr 1.0e-03
  ep   9 *  train 0.4217  val 0.4914  lr 1.0e-03
  ep  10    train 0.4170  val 0.5073  lr 1.0e-03
  ep  11 *  train 0.4092  val 0.4859  lr 1.0e-03
  ep  15 *  train 0.3844  val 0.4842  lr 1.0e-03
  ep  20    train 0.3601  val 0.4890  lr 1.0e-03
  ep  23 *  train 0.3530  val 0.4834  lr 1.0e-03
  ep  25    train 0.3525  val 0.4873  lr 1.0e-03
  ep  27 *  train 0.3353  val 0.4833  lr 1.0e-03
  ep  30    train 0.3305  val 0.4923  lr 1.0e-03
  ep  35    train 0.3188  val 0.4950  lr 5.0e-04
  ep  40    train 0.3084  val 0.5003  lr 2.5e-04
  ep  45    train 0.3070  val 0.4946  lr 2.5e-04
  early stop @ epoch 47
  saved checkpoint → binn/artifacts/head_neck/binn.pt
  wrote LaTeX table → binn/artifacts/head_neck/tex/04_training_summary.tex

PHASE 5: Evaluation

  === VAL ===
  head    thr   AUROC   AUPRC      F1     Acc    TN   FP   FN   TP    n+   n-
  TMT    0.38   0.684   0.640   0.680   0.628    10   14    2   17    19   24
  RT     0.43   0.812   0.904   0.857   0.814    11    4    4   24    28   15
  OS     0.23   0.718   0.963   0.951   0.907     0    4    0   39    39    4

  === TEST ===
  head    thr   AUROC   AUPRC      F1     Acc    TN   FP   FN   TP    n+   n-
  TMT    0.38   0.509   0.419   0.500   0.535    13   13    7   10    17   26
  RT     0.43   0.736   0.897   0.727   0.651     8    2   13   20    33   10
  OS     0.23   0.548   0.986   0.988   0.977     0    1    0   42    42    1
  saved results → binn/artifacts/head_neck/results.json
  wrote LaTeX table → binn/artifacts/head_neck/tex/05_metrics.tex
  saved pathway importance → binn/artifacts/head_neck/importance.npz

[cv] seed=0  binn x head_neck  done in 6s → results_cv/seed0/binn__head_neck.json
[cv] seed=0  graphpath x head_neck  → starting
cohort           : head_neck
scores csv       : /work/mech-ai-scratch/tirtho/TherapAgent/Intermediate Dataset/Head_Neck_Cancer.csv
mapping csv      : /work/mech-ai-scratch/tirtho/TherapAgent/Final DataSet/Head_Neck_Cancer_Final.csv
artifacts dir    : /work/mech-ai-scratch/tirtho/TherapAgent/graphpath/artifacts/head_neck
PHASE 1: Environment
  Python     : 3.11.11
  numpy      : 2.4.4
  pandas     : 3.0.3
  scipy      : 1.17.1
  sklearn    : 1.8.0
  torch      : 2.4.1+cu118
  wrote LaTeX table → graphpath/artifacts/head_neck/tex/01_environment.tex

PHASE 2: Reactome pathway-pathway adjacency
  pathway rows in scores CSV     : 1706
  matched pathways               : 1686 (missing 20)
  undirected edges               : 4672
  degree min/mean/max            : 0 / 5.54 / 29
  siblings included              : True
  saved checkpoint → graphpath/artifacts/head_neck/reactome.pkl
  wrote LaTeX table → graphpath/artifacts/head_neck/tex/02_pathway_graph.tex

PHASE 3: Data preparation
  scores.csv samples             : 566
  mapping.csv labeled samples    : 429
  intersection (used by model)   : 429
  X shape                        : (429, 1686)
  Y shape                        : (429, 3)
  split (n)                      : train=343 val=43 test=43
  pos weights                    : TMT=2.01, RT=0.61, OS=0.10
  wrote LaTeX tables → graphpath/artifacts/head_neck/tex/

PHASE 4: Training
  device                         : cuda
  pathways                       : 1686
  trainable params               : 125,894
  ep   1 *  train 0.5234  val 0.5395  lr 5.0e-02
  ep   2 *  train 0.5061  val 0.5230  lr 5.0e-02
  ep   5 *  train 0.4872  val 0.5208  lr 5.0e-02
  ep   6 *  train 0.4859  val 0.5117  lr 5.0e-02
  ep   9 *  train 0.4823  val 0.5077  lr 5.0e-02
  ep  10    train 0.4878  val 0.5351  lr 5.0e-02
  ep  15    train 0.4848  val 0.5163  lr 5.0e-02
  ep  20    train 0.4677  val 0.5136  lr 2.5e-02
  ep  23 *  train 0.4628  val 0.5053  lr 2.5e-02
  ep  25    train 0.4610  val 0.5163  lr 2.5e-02
  ep  30    train 0.4575  val 0.5222  lr 2.5e-02
  ep  35    train 0.4502  val 0.5079  lr 1.3e-02
  ep  37 *  train 0.4401  val 0.4989  lr 1.3e-02
  ep  40    train 0.4377  val 0.5158  lr 1.3e-02
  ep  45    train 0.4440  val 0.5173  lr 1.3e-02
  ep  50    train 0.4325  val 0.5121  lr 6.3e-03
  ep  55    train 0.4213  val 0.5118  lr 3.1e-03
  ep  60    train 0.4215  val 0.5118  lr 3.1e-03
  early stop @ epoch 62
  saved checkpoint → graphpath/artifacts/head_neck/graphpath.pt
  wrote LaTeX table → graphpath/artifacts/head_neck/tex/04_training_summary.tex

PHASE 5: Evaluation

  === VAL ===
  head    thr   AUROC   AUPRC      F1     Acc    TN   FP   FN   TP    n+   n-
  TMT    0.53   0.704   0.624   0.683   0.698    16    8    5   14    19   24
  RT     0.38   0.710   0.823   0.800   0.698     4   11    2   26    28   15
  OS     0.28   0.731   0.968   0.951   0.907     0    4    0   39    39    4

  === TEST ===
  head    thr   AUROC   AUPRC      F1     Acc    TN   FP   FN   TP    n+   n-
  TMT    0.53   0.527   0.410   0.303   0.465    15   11   12    5    17   26
  RT     0.38   0.685   0.876   0.806   0.721     6    4    8   25    33   10
  OS     0.28   0.405   0.980   0.988   0.977     0    1    0   42    42    1
  saved results → graphpath/artifacts/head_neck/results.json
  wrote LaTeX table → graphpath/artifacts/head_neck/tex/05_metrics.tex
  saved pathway importance → graphpath/artifacts/head_neck/importance.npz

[cv] seed=0  graphpath x head_neck  done in 30s → results_cv/seed0/graphpath__head_neck.json
[cv] seed=0  path x head_neck  → starting
cohort           : head_neck
scores csv       : /work/mech-ai-scratch/tirtho/TherapAgent/Intermediate Dataset/Head_Neck_Cancer.csv
mapping csv      : /work/mech-ai-scratch/tirtho/TherapAgent/Final DataSet/Head_Neck_Cancer_Final.csv
artifacts dir    : /work/mech-ai-scratch/tirtho/TherapAgent/path/artifacts/head_neck
PHASE 1: Environment
  Python     : 3.11.11
  numpy      : 2.4.4
  pandas     : 3.0.3
  scipy      : 1.17.1
  sklearn    : 1.8.0
  torch      : 2.4.1+cu118
  wrote LaTeX table → path/artifacts/head_neck/tex/01_environment.tex

PHASE 2: Reactome Jaccard adjacency
  pathway rows in scores CSV     : 1706
  matched pathways               : 1431 (missing 275)
  undirected edges               : 243210
  max Jaccard (after norm)       : 1.000
  median pathway gene-set size   : 42
  degree min/mean/max            : 7 / 339.9 / 1270
  saved checkpoint → path/artifacts/head_neck/reactome.pkl
  wrote LaTeX table → path/artifacts/head_neck/tex/02_pathway_graph.tex

PHASE 3: Data preparation
  scores.csv samples             : 566
  mapping.csv labeled samples    : 429
  intersection (used by model)   : 429
  X shape                        : (429, 1431)
  Y shape                        : (429, 3)
  split (n)                      : train=343 val=43 test=43
  pos weights                    : TMT=2.01, RT=0.61, OS=0.10
  wrote LaTeX tables → path/artifacts/head_neck/tex/

PHASE 4: Training
  device                         : cuda
  pathways                       : 1431
  transformer layers / heads     : 2 / 4
  trainable params               : 4,295,292
  ep   1 *  train 0.5488  val 0.5483  lr 1.0e-04
  ep   2 *  train 0.5227  val 0.5446  lr 1.0e-04
  ep   4 *  train 0.5226  val 0.5360  lr 1.0e-04
  ep   5 *  train 0.5235  val 0.5331  lr 1.0e-04
  ep   7 *  train 0.5174  val 0.5249  lr 1.0e-04
  ep  10 *  train 0.5174  val 0.5226  lr 1.0e-04
  ep  14 *  train 0.5124  val 0.5222  lr 1.0e-04
  ep  15 *  train 0.5100  val 0.5219  lr 1.0e-04
  ep  16 *  train 0.5092  val 0.5215  lr 1.0e-04
  ep  19 *  train 0.5060  val 0.5205  lr 1.0e-04
  ep  20 *  train 0.5177  val 0.5182  lr 1.0e-04
  ep  21 *  train 0.5098  val 0.5182  lr 1.0e-04
  ep  23 *  train 0.4972  val 0.5031  lr 1.0e-04
  ep  25    train 0.5061  val 0.5168  lr 1.0e-04
  ep  29 *  train 0.4919  val 0.4962  lr 1.0e-04
  ep  30    train 0.4851  val 0.5297  lr 1.0e-04
  ep  34 *  train 0.4694  val 0.4823  lr 1.0e-04
  ep  35    train 0.4605  val 0.5488  lr 1.0e-04
  ep  40    train 0.3662  val 0.5159  lr 1.0e-04
  ep  45    train 0.2932  val 0.5116  lr 5.0e-05
  ep  50    train 0.2700  val 0.5367  lr 5.0e-05
  ep  55    train 0.2550  val 0.5482  lr 5.0e-05
  early stop @ epoch 59
  saved checkpoint → path/artifacts/head_neck/path.pt
  wrote LaTeX table → path/artifacts/head_neck/tex/04_training_summary.tex

PHASE 5: Evaluation

  === VAL ===
  head    thr   AUROC   AUPRC      F1     Acc    TN   FP   FN   TP    n+   n-
  TMT    0.58   0.792   0.730   0.757   0.791    20    4    5   14    19   24
  RT     0.47   0.752   0.817   0.862   0.791     6    9    0   28    28   15
  OS     0.33   0.571   0.943   0.951   0.907     0    4    0   39    39    4

  === TEST ===
  head    thr   AUROC   AUPRC      F1     Acc    TN   FP   FN   TP    n+   n-
  TMT    0.58   0.575   0.430   0.400   0.581    19    7   11    6    17   26
  RT     0.47   0.615   0.809   0.794   0.698     5    5    8   25    33   10
  OS     0.33   0.500   0.984   0.988   0.977     0    1    0   42    42    1
  saved results → path/artifacts/head_neck/results.json
  wrote LaTeX table → path/artifacts/head_neck/tex/05_metrics.tex
  saved pathway importance → path/artifacts/head_neck/importance.npz

[cv] seed=0  path x head_neck  done in 65s → results_cv/seed0/path__head_neck.json
[cv] seed=0  binn x thyroid  → starting
cohort           : thyroid
scores csv       : /work/mech-ai-scratch/tirtho/TherapAgent/Intermediate Dataset/Thyroid_Cancer.csv
mapping csv      : /work/mech-ai-scratch/tirtho/TherapAgent/Final DataSet/Thyroid_Cancer_Final.csv
artifacts dir    : /work/mech-ai-scratch/tirtho/TherapAgent/binn/artifacts/thyroid
PHASE 1: Environment
  Python     : 3.11.11
  numpy      : 2.4.4
  pandas     : 3.0.3
  scipy      : 1.17.1
  sklearn    : 1.8.0
  torch      : 2.4.1+cu118
  joblib     : 1.5.3
  wrote LaTeX table → binn/artifacts/thyroid/tex/01_environment.tex

PHASE 2: Reactome hierarchy
  pathway rows in scores CSV     : 1706
  matched pathway nodes          : 1686 / 1706 (20 missing)
  layer 0                       : 1686 nodes
  layer 1                       : 656 nodes
  layer 2                       : 306 nodes
  layer 3                       : 163 nodes
  mask  0→1                  : (656, 1686) (active edges=1719)
  mask  1→2                  : (306, 656) (active edges=679)
  mask  2→3                  : (163, 306) (active edges=317)
  saved checkpoint → binn/artifacts/thyroid/reactome.pkl
  wrote LaTeX table → binn/artifacts/thyroid/tex/02_reactome_layers.tex

PHASE 3: Data preparation
  scores.csv samples             : 572
  scores.csv pathways            : 1706
  mapping.csv labeled samples    : 109
  intersection (used by model)   : 109
  X shape                        : (109, 1686)
  Y shape                        : (109, 3)
  split (n)                      : train=87  val=11  test=11
  pos weights (train)            : TMT=16.40, RT=0.89, OS=0.10
  saved checkpoint → binn/artifacts/thyroid/splits.npz
  wrote LaTeX tables → binn/artifacts/thyroid/tex/

PHASE 4: Training
  device                         : cuda
  layer sizes                    : [1686, 656, 306, 163]
  active params                  : 14,535
  ep   1 *  train 0.7023  val 0.4774  lr 1.0e-03
  ep   5    train 0.5265  val 0.4979  lr 1.0e-03
  ep   8 *  train 0.4798  val 0.4713  lr 1.0e-03
  ep   9 *  train 0.4634  val 0.4606  lr 1.0e-03
  ep  10 *  train 0.4428  val 0.4502  lr 1.0e-03
  ep  11 *  train 0.4345  val 0.4409  lr 1.0e-03
  ep  12 *  train 0.4333  val 0.4360  lr 1.0e-03
  ep  13 *  train 0.4245  val 0.4326  lr 1.0e-03
  ep  14 *  train 0.4155  val 0.4297  lr 1.0e-03
  ep  15 *  train 0.4082  val 0.4279  lr 1.0e-03
  ep  17 *  train 0.3957  val 0.4268  lr 1.0e-03
  ep  18 *  train 0.3944  val 0.4258  lr 1.0e-03
  ep  19 *  train 0.3743  val 0.4248  lr 1.0e-03
  ep  20 *  train 0.3694  val 0.4230  lr 1.0e-03
  ep  21 *  train 0.3635  val 0.4182  lr 1.0e-03
  ep  25    train 0.3394  val 0.4264  lr 1.0e-03
  ep  30    train 0.3089  val 0.4367  lr 5.0e-04
  ep  35    train 0.3024  val 0.4467  lr 5.0e-04
  ep  40    train 0.2827  val 0.4481  lr 2.5e-04
  early stop @ epoch 41
  saved checkpoint → binn/artifacts/thyroid/binn.pt
  wrote LaTeX table → binn/artifacts/thyroid/tex/04_training_summary.tex

PHASE 5: Evaluation

  === VAL ===
  head    thr   AUROC   AUPRC      F1     Acc    TN   FP   FN   TP    n+   n-
  TMT    0.50     nan     nan   0.000   0.818     9    2    0    0     0   11
  RT     0.35   0.333   0.570   0.750   0.636     1    4    0    6     6    5
  OS     0.50     nan     nan   0.900   0.818     0    0    2    9    11    0

  === TEST ===
  head    thr   AUROC   AUPRC      F1     Acc    TN   FP   FN   TP    n+   n-
  TMT    0.50   0.556   0.600   0.500   0.818     8    1    1    1     2    9
  RT     0.35   0.222   0.772   0.778   0.636     0    2    2    7     9    2
  OS     0.50   0.200   0.881   0.900   0.818     0    1    1    9    10    1
  saved results → binn/artifacts/thyroid/results.json
  wrote LaTeX table → binn/artifacts/thyroid/tex/05_metrics.tex
  saved pathway importance → binn/artifacts/thyroid/importance.npz

[cv] seed=0  binn x thyroid  done in 5s → results_cv/seed0/binn__thyroid.json
[cv] seed=0  graphpath x thyroid  → starting
cohort           : thyroid
scores csv       : /work/mech-ai-scratch/tirtho/TherapAgent/Intermediate Dataset/Thyroid_Cancer.csv
mapping csv      : /work/mech-ai-scratch/tirtho/TherapAgent/Final DataSet/Thyroid_Cancer_Final.csv
artifacts dir    : /work/mech-ai-scratch/tirtho/TherapAgent/graphpath/artifacts/thyroid
PHASE 1: Environment
  Python     : 3.11.11
  numpy      : 2.4.4
  pandas     : 3.0.3
  scipy      : 1.17.1
  sklearn    : 1.8.0
  torch      : 2.4.1+cu118
  wrote LaTeX table → graphpath/artifacts/thyroid/tex/01_environment.tex

PHASE 2: Reactome pathway-pathway adjacency
  pathway rows in scores CSV     : 1706
  matched pathways               : 1686 (missing 20)
  undirected edges               : 4672
  degree min/mean/max            : 0 / 5.54 / 29
  siblings included              : True
  saved checkpoint → graphpath/artifacts/thyroid/reactome.pkl
  wrote LaTeX table → graphpath/artifacts/thyroid/tex/02_pathway_graph.tex

PHASE 3: Data preparation
  scores.csv samples             : 572
  mapping.csv labeled samples    : 109
  intersection (used by model)   : 109
  X shape                        : (109, 1686)
  Y shape                        : (109, 3)
  split (n)                      : train=87 val=11 test=11
  pos weights                    : TMT=16.40, RT=0.89, OS=0.10
  wrote LaTeX tables → graphpath/artifacts/thyroid/tex/

PHASE 4: Training
  device                         : cuda
  pathways                       : 1686
  trainable params               : 125,894
  ep   1 *  train 0.6712  val 0.4793  lr 5.0e-02
  ep   4 *  train 0.4780  val 0.2797  lr 5.0e-02
  ep   5    train 0.3947  val 0.6536  lr 5.0e-02
  ep   9 *  train 0.2090  val 0.2704  lr 5.0e-02
  ep  10    train 0.2627  val 0.4574  lr 5.0e-02
  ep  15    train 1.3143  val 1.8803  lr 5.0e-02
  ep  20    train 0.4620  val 0.8262  lr 2.5e-02
  ep  25    train 0.3262  val 0.9569  lr 2.5e-02
  ep  30    train 0.1235  val 0.6976  lr 1.3e-02
  early stop @ epoch 34
  saved checkpoint → graphpath/artifacts/thyroid/graphpath.pt
  wrote LaTeX table → graphpath/artifacts/thyroid/tex/04_training_summary.tex

PHASE 5: Evaluation

  === VAL ===
  head    thr   AUROC   AUPRC      F1     Acc    TN   FP   FN   TP    n+   n-
  TMT    0.50     nan     nan   0.000   1.000    11    0    0    0     0   11
  RT     0.18   0.433   0.625   0.750   0.636     1    4    0    6     6    5
  OS     0.50     nan     nan   1.000   1.000     0    0    0   11    11    0

  === TEST ===
  head    thr   AUROC   AUPRC      F1     Acc    TN   FP   FN   TP    n+   n-
  TMT    0.50   0.556   0.292   0.000   0.818     9    0    2    0     2    9
  RT     0.18   0.111   0.736   0.900   0.818     0    2    0    9     9    2
  OS     0.50   0.100   0.848   0.952   0.909     0    1    0   10    10    1
  saved results → graphpath/artifacts/thyroid/results.json
  wrote LaTeX table → graphpath/artifacts/thyroid/tex/05_metrics.tex
  saved pathway importance → graphpath/artifacts/thyroid/importance.npz

[cv] seed=0  graphpath x thyroid  done in 8s → results_cv/seed0/graphpath__thyroid.json
[cv] seed=0  path x thyroid  → starting
cohort           : thyroid
scores csv       : /work/mech-ai-scratch/tirtho/TherapAgent/Intermediate Dataset/Thyroid_Cancer.csv
mapping csv      : /work/mech-ai-scratch/tirtho/TherapAgent/Final DataSet/Thyroid_Cancer_Final.csv
artifacts dir    : /work/mech-ai-scratch/tirtho/TherapAgent/path/artifacts/thyroid
PHASE 1: Environment
  Python     : 3.11.11
  numpy      : 2.4.4
  pandas     : 3.0.3
  scipy      : 1.17.1
  sklearn    : 1.8.0
  torch      : 2.4.1+cu118
  wrote LaTeX table → path/artifacts/thyroid/tex/01_environment.tex

PHASE 2: Reactome Jaccard adjacency
  pathway rows in scores CSV     : 1706
  matched pathways               : 1431 (missing 275)
  undirected edges               : 243210
  max Jaccard (after norm)       : 1.000
  median pathway gene-set size   : 42
  degree min/mean/max            : 7 / 339.9 / 1270
  saved checkpoint → path/artifacts/thyroid/reactome.pkl
  wrote LaTeX table → path/artifacts/thyroid/tex/02_pathway_graph.tex

PHASE 3: Data preparation
  scores.csv samples             : 572
  mapping.csv labeled samples    : 109
  intersection (used by model)   : 109
  X shape                        : (109, 1431)
  Y shape                        : (109, 3)
  split (n)                      : train=87 val=11 test=11
  pos weights                    : TMT=16.40, RT=0.89, OS=0.10
  wrote LaTeX tables → path/artifacts/thyroid/tex/

PHASE 4: Training
  device                         : cuda
  pathways                       : 1431
  transformer layers / heads     : 2 / 4
  trainable params               : 4,295,292
  ep   1 *  train 0.7034  val 0.4759  lr 1.0e-04
  ep   5    train 0.6740  val 0.4960  lr 1.0e-04
  ep  10    train 0.6450  val 0.4812  lr 1.0e-04
  ep  15 *  train 0.6628  val 0.4756  lr 5.0e-05
  ep  16 *  train 0.6323  val 0.4733  lr 5.0e-05
  ep  20    train 0.6210  val 0.5069  lr 5.0e-05
  ep  25    train 0.6280  val 0.4864  lr 5.0e-05
  ep  30    train 0.6133  val 0.5002  lr 2.5e-05
  ep  35    train 0.5863  val 0.4850  lr 2.5e-05
  ep  40    train 0.6047  val 0.4930  lr 1.3e-05
  ep  45    train 0.5874  val 0.4888  lr 1.3e-05
  early stop @ epoch 49
  saved checkpoint → path/artifacts/thyroid/path.pt
  wrote LaTeX table → path/artifacts/thyroid/tex/04_training_summary.tex

PHASE 5: Evaluation

  === VAL ===
  head    thr   AUROC   AUPRC      F1     Acc    TN   FP   FN   TP    n+   n-
  TMT    0.50     nan     nan   0.000   0.273     3    8    0    0     0   11
  RT     0.46   0.500   0.651   0.714   0.636     2    3    1    5     6    5
  OS     0.50     nan     nan   0.778   0.636     0    0    4    7    11    0

  === TEST ===
  head    thr   AUROC   AUPRC      F1     Acc    TN   FP   FN   TP    n+   n-
  TMT    0.50   0.444   0.341   0.167   0.091     0    9    1    1     2    9
  RT     0.46   0.444   0.864   0.667   0.545     1    1    4    5     9    2
  OS     0.50   0.300   0.906   0.533   0.364     0    1    6    4    10    1
  saved results → path/artifacts/thyroid/results.json
  wrote LaTeX table → path/artifacts/thyroid/tex/05_metrics.tex
  saved pathway importance → path/artifacts/thyroid/importance.npz

[cv] seed=0  path x thyroid  done in 18s → results_cv/seed0/path__thyroid.json

[cv] ═══════════════ seed = 1 ═══════════════
[cv] seed=1  binn x breast  → starting
cohort           : breast
scores csv       : /work/mech-ai-scratch/tirtho/TherapAgent/Intermediate Dataset/Breast_cancer.csv
mapping csv      : /work/mech-ai-scratch/tirtho/TherapAgent/Final DataSet/Breast_Cancer_final.csv
artifacts dir    : /work/mech-ai-scratch/tirtho/TherapAgent/binn/artifacts/breast
PHASE 1: Environment
  Python     : 3.11.11
  numpy      : 2.4.4
  pandas     : 3.0.3
  scipy      : 1.17.1
  sklearn    : 1.8.0
  torch      : 2.4.1+cu118
  joblib     : 1.5.3
  wrote LaTeX table → binn/artifacts/breast/tex/01_environment.tex

PHASE 2: Reactome hierarchy
  pathway rows in scores CSV     : 1706
  matched pathway nodes          : 1686 / 1706 (20 missing)
  layer 0                       : 1686 nodes
  layer 1                       : 656 nodes
  layer 2                       : 306 nodes
  layer 3                       : 163 nodes
  mask  0→1                  : (656, 1686) (active edges=1719)
  mask  1→2                  : (306, 656) (active edges=679)
  mask  2→3                  : (163, 306) (active edges=317)
  saved checkpoint → binn/artifacts/breast/reactome.pkl
  wrote LaTeX table → binn/artifacts/breast/tex/02_reactome_layers.tex

PHASE 3: Data preparation
  scores.csv samples             : 1218
  scores.csv pathways            : 1706
  mapping.csv labeled samples    : 618
  intersection (used by model)   : 618
  X shape                        : (618, 1686)
  Y shape                        : (618, 3)
  split (n)                      : train=494  val=62  test=62
  pos weights (train)            : TMT=0.10, RT=0.80, OS=0.35
  saved checkpoint → binn/artifacts/breast/splits.npz
  wrote LaTeX tables → binn/artifacts/breast/tex/

PHASE 4: Training
  device                         : cuda
  layer sizes                    : [1686, 656, 306, 163]
  active params                  : 14,535
  ep   1 *  train 0.3691  val 0.3585  lr 1.0e-03
  ep   2 *  train 0.3373  val 0.3578  lr 1.0e-03
  ep   5    train 0.3065  val 0.3760  lr 1.0e-03
  ep  10    train 0.2800  val 0.3978  lr 5.0e-04
  ep  15    train 0.2683  val 0.3956  lr 5.0e-04
  ep  20    train 0.2605  val 0.3986  lr 2.5e-04
  early stop @ epoch 22
  saved checkpoint → binn/artifacts/breast/binn.pt
  wrote LaTeX table → binn/artifacts/breast/tex/04_training_summary.tex

PHASE 5: Evaluation

  === VAL ===
  head    thr   AUROC   AUPRC      F1     Acc    TN   FP   FN   TP    n+   n-
  TMT    0.40   0.512   0.937   0.966   0.935     1    4    0   57    57    5
  RT     0.41   0.559   0.586   0.742   0.629     6   22    1   33    34   28
  OS     0.37   0.570   0.805   0.873   0.774     0   14    0   48    48   14

  === TEST ===
  head    thr   AUROC   AUPRC      F1     Acc    TN   FP   FN   TP    n+   n-
  TMT    0.40   0.670   0.954   0.940   0.887     0    6    1   55    56    6
  RT     0.41   0.573   0.638   0.742   0.629     6   20    3   33    36   26
  OS     0.37   0.560   0.825   0.883   0.790     0   13    0   49    49   13
  saved results → binn/artifacts/breast/results.json
  wrote LaTeX table → binn/artifacts/breast/tex/05_metrics.tex
  saved pathway importance → binn/artifacts/breast/importance.npz

[cv] seed=1  binn x breast  done in 6s → results_cv/seed1/binn__breast.json
[cv] seed=1  graphpath x breast  → starting
cohort           : breast
scores csv       : /work/mech-ai-scratch/tirtho/TherapAgent/Intermediate Dataset/Breast_cancer.csv
mapping csv      : /work/mech-ai-scratch/tirtho/TherapAgent/Final DataSet/Breast_Cancer_final.csv
artifacts dir    : /work/mech-ai-scratch/tirtho/TherapAgent/graphpath/artifacts/breast
PHASE 1: Environment
  Python     : 3.11.11
  numpy      : 2.4.4
  pandas     : 3.0.3
  scipy      : 1.17.1
  sklearn    : 1.8.0
  torch      : 2.4.1+cu118
  wrote LaTeX table → graphpath/artifacts/breast/tex/01_environment.tex

PHASE 2: Reactome pathway-pathway adjacency
  pathway rows in scores CSV     : 1706
  matched pathways               : 1686 (missing 20)
  undirected edges               : 4672
  degree min/mean/max            : 0 / 5.54 / 29
  siblings included              : True
  saved checkpoint → graphpath/artifacts/breast/reactome.pkl
  wrote LaTeX table → graphpath/artifacts/breast/tex/02_pathway_graph.tex

PHASE 3: Data preparation
  scores.csv samples             : 1218
  mapping.csv labeled samples    : 618
  intersection (used by model)   : 618
  X shape                        : (618, 1686)
  Y shape                        : (618, 3)
  split (n)                      : train=494 val=62 test=62
  pos weights                    : TMT=0.10, RT=0.80, OS=0.35
  wrote LaTeX tables → graphpath/artifacts/breast/tex/

PHASE 4: Training
  device                         : cuda
  pathways                       : 1686
  trainable params               : 125,894
  ep   1 *  train 0.3637  val 0.3635  lr 5.0e-02
  ep   2 *  train 0.3582  val 0.3633  lr 5.0e-02
  ep   3 *  train 0.3533  val 0.3609  lr 5.0e-02
  ep   5    train 0.3543  val 0.3613  lr 5.0e-02
  ep   8 *  train 0.3587  val 0.3608  lr 5.0e-02
  ep   9 *  train 0.3604  val 0.3606  lr 5.0e-02
  ep  10    train 0.3618  val 0.3607  lr 5.0e-02
  ep  11 *  train 0.3635  val 0.3606  lr 5.0e-02
  ep  12 *  train 0.3636  val 0.3604  lr 5.0e-02
  ep  15 *  train 0.3638  val 0.3604  lr 5.0e-02
  ep  20    train 0.3638  val 0.3604  lr 5.0e-02
  ep  25    train 0.3637  val 0.3604  lr 2.5e-02
  ep  30    train 0.3637  val 0.3604  lr 2.5e-02
  ep  35    train 0.3637  val 0.3605  lr 1.3e-02
  ep  40    train 0.3637  val 0.3604  lr 1.3e-02
  early stop @ epoch 40
  saved checkpoint → graphpath/artifacts/breast/graphpath.pt
  wrote LaTeX table → graphpath/artifacts/breast/tex/04_training_summary.tex

PHASE 5: Evaluation

  === VAL ===
  head    thr   AUROC   AUPRC      F1     Acc    TN   FP   FN   TP    n+   n-
  TMT    0.51   0.614   0.954   0.966   0.935     1    4    0   57    57    5
  RT     0.49   0.470   0.552   0.708   0.548     0   28    0   34    34   28
  OS     0.50   0.557   0.804   0.881   0.790     1   13    0   48    48   14

  === TEST ===
  head    thr   AUROC   AUPRC      F1     Acc    TN   FP   FN   TP    n+   n-
  TMT    0.51   0.557   0.931   0.931   0.871     0    6    2   54    56    6
  RT     0.49   0.592   0.625   0.735   0.581     0   26    0   36    36   26
  OS     0.50   0.483   0.783   0.873   0.774     0   13    1   48    49   13
  saved results → graphpath/artifacts/breast/results.json
  wrote LaTeX table → graphpath/artifacts/breast/tex/05_metrics.tex
  saved pathway importance → graphpath/artifacts/breast/importance.npz

[cv] seed=1  graphpath x breast  done in 28s → results_cv/seed1/graphpath__breast.json
[cv] seed=1  path x breast  → starting
cohort           : breast
scores csv       : /work/mech-ai-scratch/tirtho/TherapAgent/Intermediate Dataset/Breast_cancer.csv
mapping csv      : /work/mech-ai-scratch/tirtho/TherapAgent/Final DataSet/Breast_Cancer_final.csv
artifacts dir    : /work/mech-ai-scratch/tirtho/TherapAgent/path/artifacts/breast
PHASE 1: Environment
  Python     : 3.11.11
  numpy      : 2.4.4
  pandas     : 3.0.3
  scipy      : 1.17.1
  sklearn    : 1.8.0
  torch      : 2.4.1+cu118
  wrote LaTeX table → path/artifacts/breast/tex/01_environment.tex

PHASE 2: Reactome Jaccard adjacency
  pathway rows in scores CSV     : 1706
  matched pathways               : 1431 (missing 275)
  undirected edges               : 243210
  max Jaccard (after norm)       : 1.000
  median pathway gene-set size   : 42
  degree min/mean/max            : 7 / 339.9 / 1270
  saved checkpoint → path/artifacts/breast/reactome.pkl
  wrote LaTeX table → path/artifacts/breast/tex/02_pathway_graph.tex

PHASE 3: Data preparation
  scores.csv samples             : 1218
  mapping.csv labeled samples    : 618
  intersection (used by model)   : 618
  X shape                        : (618, 1431)
  Y shape                        : (618, 3)
  split (n)                      : train=494 val=62 test=62
  pos weights                    : TMT=0.10, RT=0.80, OS=0.35
  wrote LaTeX tables → path/artifacts/breast/tex/

PHASE 4: Training
  device                         : cuda
  pathways                       : 1431
  transformer layers / heads     : 2 / 4
  trainable params               : 4,295,292
  ep   1 *  train 0.3699  val 0.3616  lr 1.0e-04
  ep   5 *  train 0.3638  val 0.3596  lr 1.0e-04
  ep  10    train 0.3592  val 0.3628  lr 1.0e-04
  ep  15    train 0.3583  val 0.3613  lr 1.0e-04
  ep  16 *  train 0.3578  val 0.3590  lr 1.0e-04
  ep  20    train 0.3567  val 0.3671  lr 1.0e-04
  ep  25    train 0.3526  val 0.3710  lr 1.0e-04
  ep  30    train 0.3375  val 0.3792  lr 5.0e-05
  ep  35    train 0.3295  val 0.3801  lr 5.0e-05
  ep  40    train 0.3246  val 0.3874  lr 2.5e-05
  ep  45    train 0.3241  val 0.3888  lr 2.5e-05
  early stop @ epoch 49
  saved checkpoint → path/artifacts/breast/path.pt
  wrote LaTeX table → path/artifacts/breast/tex/04_training_summary.tex

PHASE 5: Evaluation

  === VAL ===
  head    thr   AUROC   AUPRC      F1     Acc    TN   FP   FN   TP    n+   n-
  TMT    0.43   0.618   0.942   0.958   0.919     0    5    0   57    57    5
  RT     0.39   0.489   0.591   0.716   0.565     1   27    0   34    34   28
  OS     0.40   0.585   0.817   0.873   0.774     0   14    0   48    48   14

  === TEST ===
  head    thr   AUROC   AUPRC      F1     Acc    TN   FP   FN   TP    n+   n-
  TMT    0.43   0.542   0.937   0.940   0.887     0    6    1   55    56    6
  RT     0.39   0.656   0.679   0.729   0.581     1   25    1   35    36   26
  OS     0.40   0.452   0.821   0.873   0.774     0   13    1   48    49   13
  saved results → path/artifacts/breast/results.json
  wrote LaTeX table → path/artifacts/breast/tex/05_metrics.tex
  saved pathway importance → path/artifacts/breast/importance.npz

[cv] seed=1  path x breast  done in 78s → results_cv/seed1/path__breast.json
[cv] seed=1  binn x lung  → starting
cohort           : lung
scores csv       : /work/mech-ai-scratch/tirtho/TherapAgent/Intermediate Dataset/Lung_cancer.csv
mapping csv      : /work/mech-ai-scratch/tirtho/TherapAgent/Final DataSet/Lung_cancer_final.csv
artifacts dir    : /work/mech-ai-scratch/tirtho/TherapAgent/binn/artifacts/lung
PHASE 1: Environment
  Python     : 3.11.11
  numpy      : 2.4.4
  pandas     : 3.0.3
  scipy      : 1.17.1
  sklearn    : 1.8.0
  torch      : 2.4.1+cu118
  joblib     : 1.5.3
  wrote LaTeX table → binn/artifacts/lung/tex/01_environment.tex

PHASE 2: Reactome hierarchy
  pathway rows in scores CSV     : 1706
  matched pathway nodes          : 1686 / 1706 (20 missing)
  layer 0                       : 1686 nodes
  layer 1                       : 656 nodes
  layer 2                       : 306 nodes
  layer 3                       : 163 nodes
  mask  0→1                  : (656, 1686) (active edges=1719)
  mask  1→2                  : (306, 656) (active edges=679)
  mask  2→3                  : (163, 306) (active edges=317)
  saved checkpoint → binn/artifacts/lung/reactome.pkl
  wrote LaTeX table → binn/artifacts/lung/tex/02_reactome_layers.tex

PHASE 3: Data preparation
  scores.csv samples             : 1129
  scores.csv pathways            : 1706
  mapping.csv labeled samples    : 970
  intersection (used by model)   : 970
  X shape                        : (970, 1686)
  Y shape                        : (970, 3)
  split (n)                      : train=776  val=97  test=97
  pos weights (train)            : TMT=2.17, RT=6.84, OS=0.12
  saved checkpoint → binn/artifacts/lung/splits.npz
  wrote LaTeX tables → binn/artifacts/lung/tex/

PHASE 4: Training
  device                         : cuda
  layer sizes                    : [1686, 656, 306, 163]
  active params                  : 14,535
  ep   1 *  train 0.7956  val 0.8476  lr 1.0e-03
  ep   2 *  train 0.7466  val 0.8400  lr 1.0e-03
  ep   4 *  train 0.7124  val 0.8377  lr 1.0e-03
  ep   5    train 0.6936  val 0.8540  lr 1.0e-03
  ep  10    train 0.6491  val 0.8812  lr 1.0e-03
  ep  12 *  train 0.6515  val 0.8263  lr 1.0e-03
  ep  15    train 0.6124  val 0.8798  lr 1.0e-03
  ep  20    train 0.6007  val 0.9048  lr 5.0e-04
  ep  25    train 0.5658  val 0.9082  lr 5.0e-04
  ep  30    train 0.5598  val 0.9069  lr 2.5e-04
  early stop @ epoch 32
  saved checkpoint → binn/artifacts/lung/binn.pt
  wrote LaTeX table → binn/artifacts/lung/tex/04_training_summary.tex

PHASE 5: Evaluation

  === VAL ===
  head    thr   AUROC   AUPRC      F1     Acc    TN   FP   FN   TP    n+   n-
  TMT    0.42   0.649   0.537   0.563   0.536    23   39    6   29    35   62
  RT     0.31   0.587   0.251   0.340   0.361    19   61    1   16    17   80
  OS     0.19   0.467   0.909   0.951   0.907     0    9    0   88    88    9

  === TEST ===
  head    thr   AUROC   AUPRC      F1     Acc    TN   FP   FN   TP    n+   n-
  TMT    0.42   0.525   0.402   0.372   0.443    27   39   15   16    31   66
  RT     0.31   0.712   0.193   0.186   0.278    19   70    0    8     8   89
  OS     0.19   0.613   0.924   0.934   0.876     0   12    0   85    85   12
  saved results → binn/artifacts/lung/results.json
  wrote LaTeX table → binn/artifacts/lung/tex/05_metrics.tex
  saved pathway importance → binn/artifacts/lung/importance.npz

[cv] seed=1  binn x lung  done in 7s → results_cv/seed1/binn__lung.json
[cv] seed=1  graphpath x lung  → starting
cohort           : lung
scores csv       : /work/mech-ai-scratch/tirtho/TherapAgent/Intermediate Dataset/Lung_cancer.csv
mapping csv      : /work/mech-ai-scratch/tirtho/TherapAgent/Final DataSet/Lung_cancer_final.csv
artifacts dir    : /work/mech-ai-scratch/tirtho/TherapAgent/graphpath/artifacts/lung
PHASE 1: Environment
  Python     : 3.11.11
  numpy      : 2.4.4
  pandas     : 3.0.3
  scipy      : 1.17.1
  sklearn    : 1.8.0
  torch      : 2.4.1+cu118
  wrote LaTeX table → graphpath/artifacts/lung/tex/01_environment.tex

PHASE 2: Reactome pathway-pathway adjacency
  pathway rows in scores CSV     : 1706
  matched pathways               : 1686 (missing 20)
  undirected edges               : 4672
  degree min/mean/max            : 0 / 5.54 / 29
  siblings included              : True
  saved checkpoint → graphpath/artifacts/lung/reactome.pkl
  wrote LaTeX table → graphpath/artifacts/lung/tex/02_pathway_graph.tex

PHASE 3: Data preparation
  scores.csv samples             : 1129
  mapping.csv labeled samples    : 970
  intersection (used by model)   : 970
  X shape                        : (970, 1686)
  Y shape                        : (970, 3)
  split (n)                      : train=776 val=97 test=97
  pos weights                    : TMT=2.17, RT=6.84, OS=0.12
  wrote LaTeX tables → graphpath/artifacts/lung/tex/

PHASE 4: Training
  device                         : cuda
  pathways                       : 1686
  trainable params               : 125,894
  ep   1 *  train 0.7748  val 0.9165  lr 5.0e-02
  ep   2 *  train 0.8052  val 0.8715  lr 5.0e-02
  ep   3 *  train 0.8067  val 0.8693  lr 5.0e-02
  ep   4 *  train 0.7789  val 0.8547  lr 5.0e-02
  ep   5 *  train 0.7779  val 0.8407  lr 5.0e-02
  ep   6 *  train 0.7729  val 0.8381  lr 5.0e-02
  ep   7 *  train 0.8092  val 0.8348  lr 5.0e-02
  ep  10    train 0.8017  val 0.9107  lr 5.0e-02
  ep  15 *  train 0.8027  val 0.8303  lr 5.0e-02
  ep  20    train 0.7948  val 0.8454  lr 5.0e-02
  ep  25    train 0.7822  val 0.8863  lr 2.5e-02
  ep  30    train 0.7731  val 0.8404  lr 2.5e-02
  ep  35    train 0.7711  val 0.8442  lr 1.3e-02
  ep  40    train 0.7708  val 0.8438  lr 1.3e-02
  early stop @ epoch 40
  saved checkpoint → graphpath/artifacts/lung/graphpath.pt
  wrote LaTeX table → graphpath/artifacts/lung/tex/04_training_summary.tex

PHASE 5: Evaluation

  === VAL ===
  head    thr   AUROC   AUPRC      F1     Acc    TN   FP   FN   TP    n+   n-
  TMT    0.53   0.500   0.361   0.530   0.361     0   62    0   35    35   62
  RT     0.57   0.500   0.175   0.298   0.175     0   80    0   17    17   80
  OS     0.51   0.500   0.907   0.951   0.907     0    9    0   88    88    9

  === TEST ===
  head    thr   AUROC   AUPRC      F1     Acc    TN   FP   FN   TP    n+   n-
  TMT    0.53   0.500   0.320   0.484   0.320     0   66    0   31    31   66
  RT     0.57   0.500   0.082   0.152   0.082     0   89    0    8     8   89
  OS     0.51   0.500   0.876   0.934   0.876     0   12    0   85    85   12
  saved results → graphpath/artifacts/lung/results.json
  wrote LaTeX table → graphpath/artifacts/lung/tex/05_metrics.tex
  saved pathway importance → graphpath/artifacts/lung/importance.npz

[cv] seed=1  graphpath x lung  done in 42s → results_cv/seed1/graphpath__lung.json
[cv] seed=1  path x lung  → starting
cohort           : lung
scores csv       : /work/mech-ai-scratch/tirtho/TherapAgent/Intermediate Dataset/Lung_cancer.csv
mapping csv      : /work/mech-ai-scratch/tirtho/TherapAgent/Final DataSet/Lung_cancer_final.csv
artifacts dir    : /work/mech-ai-scratch/tirtho/TherapAgent/path/artifacts/lung
PHASE 1: Environment
  Python     : 3.11.11
  numpy      : 2.4.4
  pandas     : 3.0.3
  scipy      : 1.17.1
  sklearn    : 1.8.0
  torch      : 2.4.1+cu118
  wrote LaTeX table → path/artifacts/lung/tex/01_environment.tex

PHASE 2: Reactome Jaccard adjacency
  pathway rows in scores CSV     : 1706
  matched pathways               : 1431 (missing 275)
  undirected edges               : 243210
  max Jaccard (after norm)       : 1.000
  median pathway gene-set size   : 42
  degree min/mean/max            : 7 / 339.9 / 1270
  saved checkpoint → path/artifacts/lung/reactome.pkl
  wrote LaTeX table → path/artifacts/lung/tex/02_pathway_graph.tex

PHASE 3: Data preparation
  scores.csv samples             : 1129
  mapping.csv labeled samples    : 970
  intersection (used by model)   : 970
  X shape                        : (970, 1431)
  Y shape                        : (970, 3)
  split (n)                      : train=776 val=97 test=97
  pos weights                    : TMT=2.17, RT=6.84, OS=0.12
  wrote LaTeX tables → path/artifacts/lung/tex/

PHASE 4: Training
  device                         : cuda
  pathways                       : 1431
  transformer layers / heads     : 2 / 4
  trainable params               : 4,295,292
  ep   1 *  train 0.7937  val 0.8542  lr 1.0e-04
  ep   5 *  train 0.7777  val 0.8266  lr 1.0e-04
  ep  10    train 0.7658  val 0.8597  lr 1.0e-04
  ep  15    train 0.7673  val 0.8375  lr 1.0e-04
  ep  20    train 0.7504  val 0.9066  lr 5.0e-05
  ep  25    train 0.7360  val 0.8803  lr 5.0e-05
  ep  30    train 0.7079  val 0.8910  lr 2.5e-05
  ep  35    train 0.7229  val 0.8719  lr 2.5e-05
  ep  40    train 0.6989  val 0.8776  lr 1.3e-05
  ep  45    train 0.7040  val 0.8867  lr 1.3e-05
  early stop @ epoch 49
  saved checkpoint → path/artifacts/lung/path.pt
  wrote LaTeX table → path/artifacts/lung/tex/04_training_summary.tex

PHASE 5: Evaluation

  === VAL ===
  head    thr   AUROC   AUPRC      F1     Acc    TN   FP   FN   TP    n+   n-
  TMT    0.48   0.596   0.467   0.547   0.402     4   58    0   35    35   62
  RT     0.52   0.601   0.315   0.360   0.670    56   24    8    9    17   80
  OS     0.37   0.537   0.909   0.951   0.907     0    9    0   88    88    9

  === TEST ===
  head    thr   AUROC   AUPRC      F1     Acc    TN   FP   FN   TP    n+   n-
  TMT    0.48   0.407   0.297   0.459   0.320     3   63    3   28    31   66
  RT     0.52   0.515   0.250   0.158   0.670    62   27    5    3     8   89
  OS     0.37   0.573   0.911   0.934   0.876     0   12    0   85    85   12
  saved results → path/artifacts/lung/results.json
  wrote LaTeX table → path/artifacts/lung/tex/05_metrics.tex
  saved pathway importance → path/artifacts/lung/importance.npz

[cv] seed=1  path x lung  done in 120s → results_cv/seed1/path__lung.json
[cv] seed=1  binn x prostate  → starting
cohort           : prostate
scores csv       : /work/mech-ai-scratch/tirtho/TherapAgent/Intermediate Dataset/Prostate_cancer.csv
mapping csv      : /work/mech-ai-scratch/tirtho/TherapAgent/Final DataSet/Prostate_cancer_final.csv
artifacts dir    : /work/mech-ai-scratch/tirtho/TherapAgent/binn/artifacts/prostate
PHASE 1: Environment
  Python     : 3.11.11
  numpy      : 2.4.4
  pandas     : 3.0.3
  scipy      : 1.17.1
  sklearn    : 1.8.0
  torch      : 2.4.1+cu118
  joblib     : 1.5.3
  wrote LaTeX table → binn/artifacts/prostate/tex/01_environment.tex

PHASE 2: Reactome hierarchy
  pathway rows in scores CSV     : 1706
  matched pathway nodes          : 1686 / 1706 (20 missing)
  layer 0                       : 1686 nodes
  layer 1                       : 656 nodes
  layer 2                       : 306 nodes
  layer 3                       : 163 nodes
  mask  0→1                  : (656, 1686) (active edges=1719)
  mask  1→2                  : (306, 656) (active edges=679)
  mask  2→3                  : (163, 306) (active edges=317)
  saved checkpoint → binn/artifacts/prostate/reactome.pkl
  wrote LaTeX table → binn/artifacts/prostate/tex/02_reactome_layers.tex

PHASE 3: Data preparation
  scores.csv samples             : 550
  scores.csv pathways            : 1706
  mapping.csv labeled samples    : 496
  intersection (used by model)   : 496
  X shape                        : (496, 1686)
  Y shape                        : (496, 3)
  split (n)                      : train=396  val=50  test=50
  pos weights (train)            : TMT=8.43, RT=7.43, OS=0.10
  saved checkpoint → binn/artifacts/prostate/splits.npz
  wrote LaTeX tables → binn/artifacts/prostate/tex/

PHASE 4: Training
  device                         : cuda
  layer sizes                    : [1686, 656, 306, 163]
  active params                  : 14,535
  ep   1 *  train 0.7801  val 0.8182  lr 1.0e-03
  ep   3 *  train 0.6515  val 0.8175  lr 1.0e-03
  ep   4 *  train 0.6306  val 0.7942  lr 1.0e-03
  ep   5 *  train 0.6097  val 0.7842  lr 1.0e-03
  ep   6 *  train 0.5812  val 0.7683  lr 1.0e-03
  ep   7 *  train 0.5581  val 0.7555  lr 1.0e-03
  ep   8 *  train 0.5431  val 0.7454  lr 1.0e-03
  ep  10    train 0.5170  val 0.7549  lr 1.0e-03
  ep  15    train 0.4450  val 0.7776  lr 1.0e-03
  ep  20    train 0.4240  val 0.8043  lr 5.0e-04
  ep  25    train 0.3878  val 0.8091  lr 2.5e-04
  early stop @ epoch 28
  saved checkpoint → binn/artifacts/prostate/binn.pt
  wrote LaTeX table → binn/artifacts/prostate/tex/04_training_summary.tex

PHASE 5: Evaluation

  === VAL ===
  head    thr   AUROC   AUPRC      F1     Acc    TN   FP   FN   TP    n+   n-
  TMT    0.79   0.862   0.589   0.571   0.940    45    0    3    2     5   45
  RT     0.61   0.726   0.554   0.571   0.880    40    2    4    4     8   42
  OS     0.20   0.449   0.984   0.990   0.980     0    1    0   49    49    1

  === TEST ===
  head    thr   AUROC   AUPRC      F1     Acc    TN   FP   FN   TP    n+   n-
  TMT    0.79   0.767   0.501   0.545   0.900    42    1    4    3     7   43
  RT     0.61   0.481   0.142   0.222   0.720    34   10    4    2     6   44
  OS     0.20   0.667   0.971   0.969   0.940     0    3    0   47    47    3
  saved results → binn/artifacts/prostate/results.json
  wrote LaTeX table → binn/artifacts/prostate/tex/05_metrics.tex
  saved pathway importance → binn/artifacts/prostate/importance.npz

[cv] seed=1  binn x prostate  done in 6s → results_cv/seed1/binn__prostate.json
[cv] seed=1  graphpath x prostate  → starting
cohort           : prostate
scores csv       : /work/mech-ai-scratch/tirtho/TherapAgent/Intermediate Dataset/Prostate_cancer.csv
mapping csv      : /work/mech-ai-scratch/tirtho/TherapAgent/Final DataSet/Prostate_cancer_final.csv
artifacts dir    : /work/mech-ai-scratch/tirtho/TherapAgent/graphpath/artifacts/prostate
PHASE 1: Environment
  Python     : 3.11.11
  numpy      : 2.4.4
  pandas     : 3.0.3
  scipy      : 1.17.1
  sklearn    : 1.8.0
  torch      : 2.4.1+cu118
  wrote LaTeX table → graphpath/artifacts/prostate/tex/01_environment.tex

PHASE 2: Reactome pathway-pathway adjacency
  pathway rows in scores CSV     : 1706
  matched pathways               : 1686 (missing 20)
  undirected edges               : 4672
  degree min/mean/max            : 0 / 5.54 / 29
  siblings included              : True
  saved checkpoint → graphpath/artifacts/prostate/reactome.pkl
  wrote LaTeX table → graphpath/artifacts/prostate/tex/02_pathway_graph.tex

PHASE 3: Data preparation
  scores.csv samples             : 550
  mapping.csv labeled samples    : 496
  intersection (used by model)   : 496
  X shape                        : (496, 1686)
  Y shape                        : (496, 3)
  split (n)                      : train=396 val=50 test=50
  pos weights                    : TMT=8.43, RT=7.43, OS=0.10
  wrote LaTeX tables → graphpath/artifacts/prostate/tex/

PHASE 4: Training
  device                         : cuda
  pathways                       : 1686
  trainable params               : 125,894
  ep   1 *  train 0.8381  val 0.8349  lr 5.0e-02
  ep   3 *  train 0.7909  val 0.7908  lr 5.0e-02
  ep   5 *  train 0.7553  val 0.7514  lr 5.0e-02
  ep  10    train 0.6501  val 1.0138  lr 5.0e-02
  ep  15    train 0.7147  val 1.0619  lr 2.5e-02
  ep  20    train 0.5655  val 0.8047  lr 2.5e-02
  ep  25    train 0.4984  val 0.8993  lr 1.3e-02
  ep  30    train 0.4591  val 0.9974  lr 1.3e-02
  early stop @ epoch 30
  saved checkpoint → graphpath/artifacts/prostate/graphpath.pt
  wrote LaTeX table → graphpath/artifacts/prostate/tex/04_training_summary.tex

PHASE 5: Evaluation

  === VAL ===
  head    thr   AUROC   AUPRC      F1     Acc    TN   FP   FN   TP    n+   n-
  TMT    0.48   0.867   0.494   0.533   0.860    39    6    1    4     5   45
  RT     0.77   0.708   0.544   0.571   0.880    40    2    4    4     8   42
  OS     0.49   0.245   0.973   0.990   0.980     0    1    0   49    49    1

  === TEST ===
  head    thr   AUROC   AUPRC      F1     Acc    TN   FP   FN   TP    n+   n-
  TMT    0.48   0.757   0.380   0.421   0.780    35    8    3    4     7   43
  RT     0.77   0.432   0.126   0.000   0.720    36    8    6    0     6   44
  OS     0.49   0.504   0.955   0.947   0.900     0    3    2   45    47    3
  saved results → graphpath/artifacts/prostate/results.json
  wrote LaTeX table → graphpath/artifacts/prostate/tex/05_metrics.tex
  saved pathway importance → graphpath/artifacts/prostate/importance.npz

[cv] seed=1  graphpath x prostate  done in 18s → results_cv/seed1/graphpath__prostate.json
[cv] seed=1  path x prostate  → starting
cohort           : prostate
scores csv       : /work/mech-ai-scratch/tirtho/TherapAgent/Intermediate Dataset/Prostate_cancer.csv
mapping csv      : /work/mech-ai-scratch/tirtho/TherapAgent/Final DataSet/Prostate_cancer_final.csv
artifacts dir    : /work/mech-ai-scratch/tirtho/TherapAgent/path/artifacts/prostate
PHASE 1: Environment
  Python     : 3.11.11
  numpy      : 2.4.4
  pandas     : 3.0.3
  scipy      : 1.17.1
  sklearn    : 1.8.0
  torch      : 2.4.1+cu118
  wrote LaTeX table → path/artifacts/prostate/tex/01_environment.tex

PHASE 2: Reactome Jaccard adjacency
  pathway rows in scores CSV     : 1706
  matched pathways               : 1431 (missing 275)
  undirected edges               : 243210
  max Jaccard (after norm)       : 1.000
  median pathway gene-set size   : 42
  degree min/mean/max            : 7 / 339.9 / 1270
  saved checkpoint → path/artifacts/prostate/reactome.pkl
  wrote LaTeX table → path/artifacts/prostate/tex/02_pathway_graph.tex

PHASE 3: Data preparation
  scores.csv samples             : 550
  mapping.csv labeled samples    : 496
  intersection (used by model)   : 496
  X shape                        : (496, 1431)
  Y shape                        : (496, 3)
  split (n)                      : train=396 val=50 test=50
  pos weights                    : TMT=8.43, RT=7.43, OS=0.10
  wrote LaTeX tables → path/artifacts/prostate/tex/

PHASE 4: Training
  device                         : cuda
  pathways                       : 1431
  transformer layers / heads     : 2 / 4
  trainable params               : 4,295,292
  ep   1 *  train 0.8472  val 0.8925  lr 1.0e-04
  ep   2 *  train 0.8312  val 0.8820  lr 1.0e-04
  ep   3 *  train 0.8178  val 0.8426  lr 1.0e-04
  ep   4 *  train 0.7999  val 0.8163  lr 1.0e-04
  ep   5    train 0.7914  val 0.8238  lr 1.0e-04
  ep   7 *  train 0.7849  val 0.8084  lr 1.0e-04
  ep   8 *  train 0.7638  val 0.8049  lr 1.0e-04
  ep   9 *  train 0.7719  val 0.7907  lr 1.0e-04
  ep  10 *  train 0.7782  val 0.7764  lr 1.0e-04
  ep  12 *  train 0.7531  val 0.7740  lr 1.0e-04
  ep  14 *  train 0.7315  val 0.7351  lr 1.0e-04
  ep  15    train 0.7201  val 0.7483  lr 1.0e-04
  ep  16 *  train 0.7057  val 0.7303  lr 1.0e-04
  ep  19 *  train 0.6724  val 0.7286  lr 1.0e-04
  ep  20 *  train 0.6488  val 0.7267  lr 1.0e-04
  ep  22 *  train 0.6363  val 0.7242  lr 1.0e-04
  ep  23 *  train 0.6390  val 0.7079  lr 1.0e-04
  ep  25    train 0.6120  val 0.7568  lr 1.0e-04
  ep  30    train 0.5287  val 0.7331  lr 1.0e-04
  ep  35    train 0.4877  val 0.7408  lr 5.0e-05
  ep  40    train 0.4488  val 0.7440  lr 5.0e-05
  ep  45    train 0.4259  val 0.7308  lr 2.5e-05
  early stop @ epoch 49
  saved checkpoint → path/artifacts/prostate/path.pt
  wrote LaTeX table → path/artifacts/prostate/tex/04_training_summary.tex

PHASE 5: Evaluation

  === VAL ===
  head    thr   AUROC   AUPRC      F1     Acc    TN   FP   FN   TP    n+   n-
  TMT    0.74   0.933   0.664   0.667   0.920    42    3    1    4     5   45
  RT     0.58   0.714   0.431   0.444   0.800    36    6    4    4     8   42
  OS     0.52   0.204   0.970   0.990   0.980     0    1    0   49    49    1

  === TEST ===
  head    thr   AUROC   AUPRC      F1     Acc    TN   FP   FN   TP    n+   n-
  TMT    0.74   0.761   0.364   0.375   0.800    37    6    4    3     7   43
  RT     0.58   0.549   0.154   0.300   0.720    33   11    3    3     6   44
  OS     0.52   0.362   0.929   0.936   0.880     0    3    3   44    47    3
  saved results → path/artifacts/prostate/results.json
  wrote LaTeX table → path/artifacts/prostate/tex/05_metrics.tex
  saved pathway importance → path/artifacts/prostate/importance.npz

[cv] seed=1  path x prostate  done in 64s → results_cv/seed1/path__prostate.json
[cv] seed=1  binn x head_neck  → starting
cohort           : head_neck
scores csv       : /work/mech-ai-scratch/tirtho/TherapAgent/Intermediate Dataset/Head_Neck_Cancer.csv
mapping csv      : /work/mech-ai-scratch/tirtho/TherapAgent/Final DataSet/Head_Neck_Cancer_Final.csv
artifacts dir    : /work/mech-ai-scratch/tirtho/TherapAgent/binn/artifacts/head_neck
PHASE 1: Environment
  Python     : 3.11.11
  numpy      : 2.4.4
  pandas     : 3.0.3
  scipy      : 1.17.1
  sklearn    : 1.8.0
  torch      : 2.4.1+cu118
  joblib     : 1.5.3
  wrote LaTeX table → binn/artifacts/head_neck/tex/01_environment.tex

PHASE 2: Reactome hierarchy
  pathway rows in scores CSV     : 1706
  matched pathway nodes          : 1686 / 1706 (20 missing)
  layer 0                       : 1686 nodes
  layer 1                       : 656 nodes
  layer 2                       : 306 nodes
  layer 3                       : 163 nodes
  mask  0→1                  : (656, 1686) (active edges=1719)
  mask  1→2                  : (306, 656) (active edges=679)
  mask  2→3                  : (163, 306) (active edges=317)
  saved checkpoint → binn/artifacts/head_neck/reactome.pkl
  wrote LaTeX table → binn/artifacts/head_neck/tex/02_reactome_layers.tex

PHASE 3: Data preparation
  scores.csv samples             : 566
  scores.csv pathways            : 1706
  mapping.csv labeled samples    : 429
  intersection (used by model)   : 429
  X shape                        : (429, 1686)
  Y shape                        : (429, 3)
  split (n)                      : train=343  val=43  test=43
  pos weights (train)            : TMT=1.83, RT=0.50, OS=0.10
  saved checkpoint → binn/artifacts/head_neck/splits.npz
  wrote LaTeX tables → binn/artifacts/head_neck/tex/

PHASE 4: Training
  device                         : cuda
  layer sizes                    : [1686, 656, 306, 163]
  active params                  : 14,535
  ep   1 *  train 0.4925  val 0.4942  lr 1.0e-03
  ep   3 *  train 0.4430  val 0.4837  lr 1.0e-03
  ep   5 *  train 0.4155  val 0.4808  lr 1.0e-03
  ep   6 *  train 0.4162  val 0.4723  lr 1.0e-03
  ep   7 *  train 0.4058  val 0.4655  lr 1.0e-03
  ep   9 *  train 0.3965  val 0.4585  lr 1.0e-03
  ep  10    train 0.3888  val 0.4793  lr 1.0e-03
  ep  12 *  train 0.3761  val 0.4519  lr 1.0e-03
  ep  15    train 0.3602  val 0.4818  lr 1.0e-03
  ep  20    train 0.3437  val 0.4904  lr 5.0e-04
  ep  25    train 0.3259  val 0.4923  lr 5.0e-04
  ep  30    train 0.3170  val 0.4818  lr 2.5e-04
  early stop @ epoch 32
  saved checkpoint → binn/artifacts/head_neck/binn.pt
  wrote LaTeX table → binn/artifacts/head_neck/tex/04_training_summary.tex

PHASE 5: Evaluation

  === VAL ===
  head    thr   AUROC   AUPRC      F1     Acc    TN   FP   FN   TP    n+   n-
  TMT    0.27   0.661   0.572   0.618   0.512     5   21    0   17    17   26
  RT     0.42   0.811   0.870   0.815   0.767    11    8    2   22    24   19
  OS     0.33   0.524   0.985   0.988   0.977     0    1    0   42    42    1

  === TEST ===
  head    thr   AUROC   AUPRC      F1     Acc    TN   FP   FN   TP    n+   n-
  TMT    0.27   0.656   0.383   0.453   0.326     2   29    0   12    12   31
  RT     0.42   0.580   0.568   0.578   0.558    11   10    9   13    22   21
  OS     0.33   0.775   0.955   0.923   0.860     1    5    1   36    37    6
  saved results → binn/artifacts/head_neck/results.json
  wrote LaTeX table → binn/artifacts/head_neck/tex/05_metrics.tex
  saved pathway importance → binn/artifacts/head_neck/importance.npz

[cv] seed=1  binn x head_neck  done in 5s → results_cv/seed1/binn__head_neck.json
[cv] seed=1  graphpath x head_neck  → starting
cohort           : head_neck
scores csv       : /work/mech-ai-scratch/tirtho/TherapAgent/Intermediate Dataset/Head_Neck_Cancer.csv
mapping csv      : /work/mech-ai-scratch/tirtho/TherapAgent/Final DataSet/Head_Neck_Cancer_Final.csv
artifacts dir    : /work/mech-ai-scratch/tirtho/TherapAgent/graphpath/artifacts/head_neck
PHASE 1: Environment
  Python     : 3.11.11
  numpy      : 2.4.4
  pandas     : 3.0.3
  scipy      : 1.17.1
  sklearn    : 1.8.0
  torch      : 2.4.1+cu118
  wrote LaTeX table → graphpath/artifacts/head_neck/tex/01_environment.tex

PHASE 2: Reactome pathway-pathway adjacency
  pathway rows in scores CSV     : 1706
  matched pathways               : 1686 (missing 20)
  undirected edges               : 4672
  degree min/mean/max            : 0 / 5.54 / 29
  siblings included              : True
  saved checkpoint → graphpath/artifacts/head_neck/reactome.pkl
  wrote LaTeX table → graphpath/artifacts/head_neck/tex/02_pathway_graph.tex

PHASE 3: Data preparation
  scores.csv samples             : 566
  mapping.csv labeled samples    : 429
  intersection (used by model)   : 429
  X shape                        : (429, 1686)
  Y shape                        : (429, 3)
  split (n)                      : train=343 val=43 test=43
  pos weights                    : TMT=1.83, RT=0.50, OS=0.10
  wrote LaTeX tables → graphpath/artifacts/head_neck/tex/

PHASE 4: Training
  device                         : cuda
  pathways                       : 1686
  trainable params               : 125,894
  ep   1 *  train 0.4923  val 0.4951  lr 5.0e-02
  ep   3 *  train 0.4721  val 0.4844  lr 5.0e-02
  ep   5    train 0.4647  val 0.4897  lr 5.0e-02
  ep  10    train 0.4531  val 0.4966  lr 5.0e-02
  ep  12 *  train 0.4551  val 0.4675  lr 5.0e-02
  ep  15    train 0.4541  val 0.4915  lr 5.0e-02
  ep  20    train 0.4554  val 0.4932  lr 5.0e-02
  ep  25    train 0.4385  val 0.4887  lr 2.5e-02
  ep  30    train 0.4392  val 0.4707  lr 1.3e-02
  ep  35    train 0.4229  val 0.4750  lr 1.3e-02
  early stop @ epoch 37
  saved checkpoint → graphpath/artifacts/head_neck/graphpath.pt
  wrote LaTeX table → graphpath/artifacts/head_neck/tex/04_training_summary.tex

PHASE 5: Evaluation

  === VAL ===
  head    thr   AUROC   AUPRC      F1     Acc    TN   FP   FN   TP    n+   n-
  TMT    0.54   0.656   0.591   0.645   0.744    22    4    7   10    17   26
  RT     0.49   0.748   0.826   0.756   0.744    15    4    7   17    24   19
  OS     0.37   0.714   0.992   0.988   0.977     0    1    0   42    42    1

  === TEST ===
  head    thr   AUROC   AUPRC      F1     Acc    TN   FP   FN   TP    n+   n-
  TMT    0.54   0.586   0.341   0.333   0.628    23    8    8    4    12   31
  RT     0.49   0.487   0.526   0.474   0.535    14    7   13    9    22   21
  OS     0.37   0.703   0.931   0.911   0.837     0    6    1   36    37    6
  saved results → graphpath/artifacts/head_neck/results.json
  wrote LaTeX table → graphpath/artifacts/head_neck/tex/05_metrics.tex
  saved pathway importance → graphpath/artifacts/head_neck/importance.npz

[cv] seed=1  graphpath x head_neck  done in 19s → results_cv/seed1/graphpath__head_neck.json
[cv] seed=1  path x head_neck  → starting
cohort           : head_neck
scores csv       : /work/mech-ai-scratch/tirtho/TherapAgent/Intermediate Dataset/Head_Neck_Cancer.csv
mapping csv      : /work/mech-ai-scratch/tirtho/TherapAgent/Final DataSet/Head_Neck_Cancer_Final.csv
artifacts dir    : /work/mech-ai-scratch/tirtho/TherapAgent/path/artifacts/head_neck
PHASE 1: Environment
  Python     : 3.11.11
  numpy      : 2.4.4
  pandas     : 3.0.3
  scipy      : 1.17.1
  sklearn    : 1.8.0
  torch      : 2.4.1+cu118
  wrote LaTeX table → path/artifacts/head_neck/tex/01_environment.tex

PHASE 2: Reactome Jaccard adjacency
  pathway rows in scores CSV     : 1706
  matched pathways               : 1431 (missing 275)
  undirected edges               : 243210
  max Jaccard (after norm)       : 1.000
  median pathway gene-set size   : 42
  degree min/mean/max            : 7 / 339.9 / 1270
  saved checkpoint → path/artifacts/head_neck/reactome.pkl
  wrote LaTeX table → path/artifacts/head_neck/tex/02_pathway_graph.tex

PHASE 3: Data preparation
  scores.csv samples             : 566
  mapping.csv labeled samples    : 429
  intersection (used by model)   : 429
  X shape                        : (429, 1431)
  Y shape                        : (429, 3)
  split (n)                      : train=343 val=43 test=43
  pos weights                    : TMT=1.83, RT=0.50, OS=0.10
  wrote LaTeX tables → path/artifacts/head_neck/tex/

PHASE 4: Training
  device                         : cuda
  pathways                       : 1431
  transformer layers / heads     : 2 / 4
  trainable params               : 4,295,292
  ep   1 *  train 0.5091  val 0.5043  lr 1.0e-04
  ep   2 *  train 0.4969  val 0.4931  lr 1.0e-04
  ep   3 *  train 0.4934  val 0.4821  lr 1.0e-04
  ep   5    train 0.4887  val 0.4825  lr 1.0e-04
  ep  10 *  train 0.4801  val 0.4787  lr 1.0e-04
  ep  12 *  train 0.4844  val 0.4747  lr 1.0e-04
  ep  15 *  train 0.4873  val 0.4741  lr 1.0e-04
  ep  20    train 0.4867  val 0.4889  lr 1.0e-04
  ep  25    train 0.4735  val 0.4769  lr 1.0e-04
  ep  28 *  train 0.4708  val 0.4729  lr 5.0e-05
  ep  30 *  train 0.4618  val 0.4719  lr 5.0e-05
  ep  35    train 0.4657  val 0.4732  lr 5.0e-05
  ep  37 *  train 0.4598  val 0.4696  lr 5.0e-05
  ep  40    train 0.4529  val 0.4733  lr 5.0e-05
  ep  45    train 0.4495  val 0.4900  lr 5.0e-05
  ep  50    train 0.4242  val 0.4773  lr 2.5e-05
  ep  55    train 0.4043  val 0.4779  lr 2.5e-05
  ep  60    train 0.3883  val 0.4807  lr 1.3e-05
  early stop @ epoch 62
  saved checkpoint → path/artifacts/head_neck/path.pt
  wrote LaTeX table → path/artifacts/head_neck/tex/04_training_summary.tex

PHASE 5: Evaluation

  === VAL ===
  head    thr   AUROC   AUPRC      F1     Acc    TN   FP   FN   TP    n+   n-
  TMT    0.36   0.704   0.540   0.654   0.581     8   18    0   17    17   26
  RT     0.39   0.599   0.673   0.727   0.581     1   18    0   24    24   19
  OS     0.46   0.810   0.995   0.988   0.977     0    1    0   42    42    1

  === TEST ===
  head    thr   AUROC   AUPRC      F1     Acc    TN   FP   FN   TP    n+   n-
  TMT    0.36   0.516   0.298   0.431   0.326     3   28    1   11    12   31
  RT     0.39   0.535   0.558   0.677   0.535     2   19    1   21    22   21
  OS     0.46   0.788   0.955   0.937   0.884     1    5    0   37    37    6
  saved results → path/artifacts/head_neck/results.json
  wrote LaTeX table → path/artifacts/head_neck/tex/05_metrics.tex
  saved pathway importance → path/artifacts/head_neck/importance.npz

[cv] seed=1  path x head_neck  done in 69s → results_cv/seed1/path__head_neck.json
[cv] seed=1  binn x thyroid  → starting
cohort           : thyroid
scores csv       : /work/mech-ai-scratch/tirtho/TherapAgent/Intermediate Dataset/Thyroid_Cancer.csv
mapping csv      : /work/mech-ai-scratch/tirtho/TherapAgent/Final DataSet/Thyroid_Cancer_Final.csv
artifacts dir    : /work/mech-ai-scratch/tirtho/TherapAgent/binn/artifacts/thyroid
PHASE 1: Environment
  Python     : 3.11.11
  numpy      : 2.4.4
  pandas     : 3.0.3
  scipy      : 1.17.1
  sklearn    : 1.8.0
  torch      : 2.4.1+cu118
  joblib     : 1.5.3
  wrote LaTeX table → binn/artifacts/thyroid/tex/01_environment.tex

PHASE 2: Reactome hierarchy
  pathway rows in scores CSV     : 1706
  matched pathway nodes          : 1686 / 1706 (20 missing)
  layer 0                       : 1686 nodes
  layer 1                       : 656 nodes
  layer 2                       : 306 nodes
  layer 3                       : 163 nodes
  mask  0→1                  : (656, 1686) (active edges=1719)
  mask  1→2                  : (306, 656) (active edges=679)
  mask  2→3                  : (163, 306) (active edges=317)
  saved checkpoint → binn/artifacts/thyroid/reactome.pkl
  wrote LaTeX table → binn/artifacts/thyroid/tex/02_reactome_layers.tex

PHASE 3: Data preparation
  scores.csv samples             : 572
  scores.csv pathways            : 1706
  mapping.csv labeled samples    : 109
  intersection (used by model)   : 109
  X shape                        : (109, 1686)
  Y shape                        : (109, 3)
  split (n)                      : train=87  val=11  test=11
  pos weights (train)            : TMT=13.50, RT=0.81, OS=0.10
  saved checkpoint → binn/artifacts/thyroid/splits.npz
  wrote LaTeX tables → binn/artifacts/thyroid/tex/

PHASE 4: Training
  device                         : cuda
  layer sizes                    : [1686, 656, 306, 163]
  active params                  : 14,535
  ep   1 *  train 0.6943  val 0.4745  lr 1.0e-03
  ep   2 *  train 0.5898  val 0.4712  lr 1.0e-03
  ep   3 *  train 0.5545  val 0.4697  lr 1.0e-03
  ep   5 *  train 0.5215  val 0.4693  lr 1.0e-03
  ep   6 *  train 0.5043  val 0.4675  lr 1.0e-03
  ep   7 *  train 0.4706  val 0.4663  lr 1.0e-03
  ep   8 *  train 0.4621  val 0.4639  lr 1.0e-03
  ep   9 *  train 0.4447  val 0.4611  lr 1.0e-03
  ep  10 *  train 0.4406  val 0.4585  lr 1.0e-03
  ep  11 *  train 0.4466  val 0.4572  lr 1.0e-03
  ep  13 *  train 0.4120  val 0.4564  lr 1.0e-03
  ep  14 *  train 0.3978  val 0.4527  lr 1.0e-03
  ep  15 *  train 0.3963  val 0.4490  lr 1.0e-03
  ep  16 *  train 0.3904  val 0.4446  lr 1.0e-03
  ep  20    train 0.3586  val 0.4480  lr 1.0e-03
  ep  24 *  train 0.3391  val 0.4423  lr 1.0e-03
  ep  25 *  train 0.3248  val 0.4384  lr 1.0e-03
  ep  26 *  train 0.3233  val 0.4317  lr 1.0e-03
  ep  27 *  train 0.3210  val 0.4315  lr 1.0e-03
  ep  30 *  train 0.2949  val 0.4307  lr 1.0e-03
  ep  31 *  train 0.2925  val 0.4224  lr 1.0e-03
  ep  32 *  train 0.2757  val 0.4223  lr 1.0e-03
  ep  35    train 0.2778  val 0.4299  lr 1.0e-03
  ep  40    train 0.2555  val 0.4630  lr 5.0e-04
  ep  45    train 0.2399  val 0.4449  lr 5.0e-04
  ep  50    train 0.2259  val 0.4509  lr 2.5e-04
  early stop @ epoch 52
  saved checkpoint → binn/artifacts/thyroid/binn.pt
  wrote LaTeX table → binn/artifacts/thyroid/tex/04_training_summary.tex

PHASE 5: Evaluation

  === VAL ===
  head    thr   AUROC   AUPRC      F1     Acc    TN   FP   FN   TP    n+   n-
  TMT    0.50     nan     nan   0.000   0.818     9    2    0    0     0   11
  RT     0.44   0.429   0.401   0.615   0.545     2    5    0    4     4    7
  OS     0.50     nan     nan   0.778   0.636     0    0    4    7    11    0

  === TEST ===
  head    thr   AUROC   AUPRC      F1     Acc    TN   FP   FN   TP    n+   n-
  TMT    0.50   1.000   1.000   0.000   0.909    10    0    1    0     1   10
  RT     0.44   0.111   0.699   0.533   0.364     0    2    5    4     9    2
  OS     0.50     nan     nan   0.842   0.727     0    0    3    8    11    0
  saved results → binn/artifacts/thyroid/results.json
  wrote LaTeX table → binn/artifacts/thyroid/tex/05_metrics.tex
  saved pathway importance → binn/artifacts/thyroid/importance.npz

[cv] seed=1  binn x thyroid  done in 6s → results_cv/seed1/binn__thyroid.json
[cv] seed=1  graphpath x thyroid  → starting
cohort           : thyroid
scores csv       : /work/mech-ai-scratch/tirtho/TherapAgent/Intermediate Dataset/Thyroid_Cancer.csv
mapping csv      : /work/mech-ai-scratch/tirtho/TherapAgent/Final DataSet/Thyroid_Cancer_Final.csv
artifacts dir    : /work/mech-ai-scratch/tirtho/TherapAgent/graphpath/artifacts/thyroid
PHASE 1: Environment
  Python     : 3.11.11
  numpy      : 2.4.4
  pandas     : 3.0.3
  scipy      : 1.17.1
  sklearn    : 1.8.0
  torch      : 2.4.1+cu118
  wrote LaTeX table → graphpath/artifacts/thyroid/tex/01_environment.tex

PHASE 2: Reactome pathway-pathway adjacency
  pathway rows in scores CSV     : 1706
  matched pathways               : 1686 (missing 20)
  undirected edges               : 4672
  degree min/mean/max            : 0 / 5.54 / 29
  siblings included              : True
  saved checkpoint → graphpath/artifacts/thyroid/reactome.pkl
  wrote LaTeX table → graphpath/artifacts/thyroid/tex/02_pathway_graph.tex

PHASE 3: Data preparation
  scores.csv samples             : 572
  mapping.csv labeled samples    : 109
  intersection (used by model)   : 109
  X shape                        : (109, 1686)
  Y shape                        : (109, 3)
  split (n)                      : train=87 val=11 test=11
  pos weights                    : TMT=13.50, RT=0.81, OS=0.10
  wrote LaTeX tables → graphpath/artifacts/thyroid/tex/

PHASE 4: Training
  device                         : cuda
  pathways                       : 1686
  trainable params               : 125,894
  ep   1 *  train 0.6635  val 0.4751  lr 5.0e-02
  ep   2 *  train 0.6558  val 0.4641  lr 5.0e-02
  ep   5    train 0.4998  val 0.5200  lr 5.0e-02
  ep   7 *  train 0.3761  val 0.4404  lr 5.0e-02
  ep   9 *  train 0.2681  val 0.3512  lr 5.0e-02
  ep  10    train 0.2398  val 0.3687  lr 5.0e-02
  ep  15    train 0.1756  val 0.4184  lr 5.0e-02
  ep  20    train 0.1598  val 0.5163  lr 2.5e-02
  ep  25    train 0.1203  val 0.4530  lr 2.5e-02
  ep  30    train 0.1243  val 0.5092  lr 1.3e-02
  early stop @ epoch 34
  saved checkpoint → graphpath/artifacts/thyroid/graphpath.pt
  wrote LaTeX table → graphpath/artifacts/thyroid/tex/04_training_summary.tex

PHASE 5: Evaluation

  === VAL ===
  head    thr   AUROC   AUPRC      F1     Acc    TN   FP   FN   TP    n+   n-
  TMT    0.50     nan     nan   0.000   0.818     9    2    0    0     0   11
  RT     0.53   0.679   0.518   0.727   0.727     4    3    0    4     4    7
  OS     0.50     nan     nan   1.000   1.000     0    0    0   11    11    0

  === TEST ===
  head    thr   AUROC   AUPRC      F1     Acc    TN   FP   FN   TP    n+   n-
  TMT    0.50   0.900   0.500   0.000   0.909    10    0    1    0     1   10
  RT     0.53   0.056   0.681   0.308   0.182     0    2    7    2     9    2
  OS     0.50     nan     nan   1.000   1.000     0    0    0   11    11    0
  saved results → graphpath/artifacts/thyroid/results.json
  wrote LaTeX table → graphpath/artifacts/thyroid/tex/05_metrics.tex
  saved pathway importance → graphpath/artifacts/thyroid/importance.npz

[cv] seed=1  graphpath x thyroid  done in 8s → results_cv/seed1/graphpath__thyroid.json
[cv] seed=1  path x thyroid  → starting
cohort           : thyroid
scores csv       : /work/mech-ai-scratch/tirtho/TherapAgent/Intermediate Dataset/Thyroid_Cancer.csv
mapping csv      : /work/mech-ai-scratch/tirtho/TherapAgent/Final DataSet/Thyroid_Cancer_Final.csv
artifacts dir    : /work/mech-ai-scratch/tirtho/TherapAgent/path/artifacts/thyroid
PHASE 1: Environment
  Python     : 3.11.11
  numpy      : 2.4.4
  pandas     : 3.0.3
  scipy      : 1.17.1
  sklearn    : 1.8.0
  torch      : 2.4.1+cu118
  wrote LaTeX table → path/artifacts/thyroid/tex/01_environment.tex

PHASE 2: Reactome Jaccard adjacency
  pathway rows in scores CSV     : 1706
  matched pathways               : 1431 (missing 275)
  undirected edges               : 243210
  max Jaccard (after norm)       : 1.000
  median pathway gene-set size   : 42
  degree min/mean/max            : 7 / 339.9 / 1270
  saved checkpoint → path/artifacts/thyroid/reactome.pkl
  wrote LaTeX table → path/artifacts/thyroid/tex/02_pathway_graph.tex

PHASE 3: Data preparation
  scores.csv samples             : 572
  mapping.csv labeled samples    : 109
  intersection (used by model)   : 109
  X shape                        : (109, 1431)
  Y shape                        : (109, 3)
  split (n)                      : train=87 val=11 test=11
  pos weights                    : TMT=13.50, RT=0.81, OS=0.10
  wrote LaTeX tables → path/artifacts/thyroid/tex/

PHASE 4: Training
  device                         : cuda
  pathways                       : 1431
  transformer layers / heads     : 2 / 4
  trainable params               : 4,295,292
  ep   1 *  train 0.6755  val 0.4899  lr 1.0e-04
  ep   2 *  train 0.6544  val 0.4896  lr 1.0e-04
  ep   3 *  train 0.6735  val 0.4894  lr 1.0e-04
  ep   4 *  train 0.6475  val 0.4887  lr 1.0e-04
  ep   5 *  train 0.6509  val 0.4878  lr 1.0e-04
  ep   6 *  train 0.6505  val 0.4847  lr 1.0e-04
  ep   7 *  train 0.6405  val 0.4825  lr 1.0e-04
  ep   8 *  train 0.6529  val 0.4811  lr 1.0e-04
  ep   9 *  train 0.6371  val 0.4799  lr 1.0e-04
  ep  10    train 0.6343  val 0.4838  lr 1.0e-04
  ep  13 *  train 0.6515  val 0.4785  lr 1.0e-04
  ep  14 *  train 0.6193  val 0.4707  lr 1.0e-04
  ep  15    train 0.6158  val 0.4748  lr 1.0e-04
  ep  16 *  train 0.6030  val 0.4705  lr 1.0e-04
  ep  20 *  train 0.6131  val 0.4536  lr 1.0e-04
  ep  21 *  train 0.6122  val 0.4435  lr 1.0e-04
  ep  22 *  train 0.5952  val 0.4434  lr 1.0e-04
  ep  25    train 0.5874  val 0.4719  lr 1.0e-04
  ep  29 *  train 0.5880  val 0.4400  lr 1.0e-04
  ep  30 *  train 0.5710  val 0.4357  lr 1.0e-04
  ep  31 *  train 0.5743  val 0.4304  lr 1.0e-04
  ep  35    train 0.5432  val 0.4648  lr 1.0e-04
  ep  40    train 0.5452  val 0.4423  lr 1.0e-04
  ep  42 *  train 0.5358  val 0.4022  lr 1.0e-04
  ep  43 *  train 0.5488  val 0.3967  lr 1.0e-04
  ep  44 *  train 0.5383  val 0.3835  lr 1.0e-04
  ep  45 *  train 0.5361  val 0.3833  lr 1.0e-04
  ep  50    train 0.5212  val 0.4135  lr 1.0e-04
  ep  52 *  train 0.4783  val 0.3804  lr 1.0e-04
  ep  55    train 0.4959  val 0.4243  lr 1.0e-04
  ep  57 *  train 0.4824  val 0.3745  lr 1.0e-04
  ep  60    train 0.4458  val 0.3788  lr 1.0e-04
  ep  65 *  train 0.4286  val 0.3510  lr 1.0e-04
  ep  70    train 0.3907  val 0.4883  lr 1.0e-04
  ep  75    train 0.3851  val 0.4505  lr 1.0e-04
  ep  80    train 0.3810  val 0.4654  lr 5.0e-05
  ep  85    train 0.3525  val 0.4434  lr 5.0e-05
  ep  90    train 0.3616  val 0.4019  lr 2.5e-05
  early stop @ epoch 90
  saved checkpoint → path/artifacts/thyroid/path.pt
  wrote LaTeX table → path/artifacts/thyroid/tex/04_training_summary.tex

PHASE 5: Evaluation

  === VAL ===
  head    thr   AUROC   AUPRC      F1     Acc    TN   FP   FN   TP    n+   n-
  TMT    0.50     nan     nan   0.000   1.000    11    0    0    0     0   11
  RT     0.62   0.679   0.553   0.667   0.727     5    2    1    3     4    7
  OS     0.50     nan     nan   1.000   1.000     0    0    0   11    11    0

  === TEST ===
  head    thr   AUROC   AUPRC      F1     Acc    TN   FP   FN   TP    n+   n-
  TMT    0.50   1.000   1.000   0.000   0.909    10    0    1    0     1   10
  RT     0.62   0.389   0.851   0.364   0.364     2    0    7    2     9    2
  OS     0.50     nan     nan   1.000   1.000     0    0    0   11    11    0
  saved results → path/artifacts/thyroid/results.json
  wrote LaTeX table → path/artifacts/thyroid/tex/05_metrics.tex
  saved pathway importance → path/artifacts/thyroid/importance.npz

[cv] seed=1  path x thyroid  done in 29s → results_cv/seed1/path__thyroid.json

[cv] ═══════════════ seed = 2 ═══════════════
[cv] seed=2  binn x breast  → starting
cohort           : breast
scores csv       : /work/mech-ai-scratch/tirtho/TherapAgent/Intermediate Dataset/Breast_cancer.csv
mapping csv      : /work/mech-ai-scratch/tirtho/TherapAgent/Final DataSet/Breast_Cancer_final.csv
artifacts dir    : /work/mech-ai-scratch/tirtho/TherapAgent/binn/artifacts/breast
PHASE 1: Environment
  Python     : 3.11.11
  numpy      : 2.4.4
  pandas     : 3.0.3
  scipy      : 1.17.1
  sklearn    : 1.8.0
  torch      : 2.4.1+cu118
  joblib     : 1.5.3
  wrote LaTeX table → binn/artifacts/breast/tex/01_environment.tex

PHASE 2: Reactome hierarchy
  pathway rows in scores CSV     : 1706
  matched pathway nodes          : 1686 / 1706 (20 missing)
  layer 0                       : 1686 nodes
  layer 1                       : 656 nodes
  layer 2                       : 306 nodes
  layer 3                       : 163 nodes
  mask  0→1                  : (656, 1686) (active edges=1719)
  mask  1→2                  : (306, 656) (active edges=679)
  mask  2→3                  : (163, 306) (active edges=317)
  saved checkpoint → binn/artifacts/breast/reactome.pkl
  wrote LaTeX table → binn/artifacts/breast/tex/02_reactome_layers.tex

PHASE 3: Data preparation
  scores.csv samples             : 1218
  scores.csv pathways            : 1706
  mapping.csv labeled samples    : 618
  intersection (used by model)   : 618
  X shape                        : (618, 1686)
  Y shape                        : (618, 3)
  split (n)                      : train=494  val=62  test=62
  pos weights (train)            : TMT=0.10, RT=0.84, OS=0.35
  saved checkpoint → binn/artifacts/breast/splits.npz
  wrote LaTeX tables → binn/artifacts/breast/tex/

PHASE 4: Training
  device                         : cuda
  layer sizes                    : [1686, 656, 306, 163]
  active params                  : 14,535
  ep   1 *  train 0.3732  val 0.3477  lr 1.0e-03
  ep   2 *  train 0.3457  val 0.3414  lr 1.0e-03
  ep   3 *  train 0.3336  val 0.3398  lr 1.0e-03
  ep   5    train 0.3176  val 0.3439  lr 1.0e-03
  ep  10 *  train 0.2894  val 0.3388  lr 1.0e-03
  ep  15    train 0.2728  val 0.3489  lr 1.0e-03
  ep  20    train 0.2593  val 0.3452  lr 5.0e-04
  ep  25    train 0.2548  val 0.3396  lr 5.0e-04
  ep  30 *  train 0.2525  val 0.3386  lr 2.5e-04
  ep  35 *  train 0.2483  val 0.3379  lr 2.5e-04
  ep  40    train 0.2434  val 0.3442  lr 2.5e-04
  ep  45    train 0.2412  val 0.3471  lr 1.3e-04
  ep  50    train 0.2405  val 0.3422  lr 1.3e-04
  ep  55    train 0.2373  val 0.3460  lr 6.3e-05
  early stop @ epoch 55
  saved checkpoint → binn/artifacts/breast/binn.pt
  wrote LaTeX table → binn/artifacts/breast/tex/04_training_summary.tex

PHASE 5: Evaluation

  === VAL ===
  head    thr   AUROC   AUPRC      F1     Acc    TN   FP   FN   TP    n+   n-
  TMT    0.28   0.375   0.917   0.967   0.935     0    4    0   58    58    4
  RT     0.39   0.629   0.701   0.782   0.694     9   15    4   34    38   24
  OS     0.15   0.750   0.927   0.893   0.806     0   12    0   50    50   12

  === TEST ===
  head    thr   AUROC   AUPRC      F1     Acc    TN   FP   FN   TP    n+   n-
  TMT    0.28   0.367   0.927   0.975   0.952     0    3    0   59    59    3
  RT     0.39   0.567   0.662   0.690   0.565     5   18    9   30    39   23
  OS     0.15   0.610   0.814   0.862   0.758     0   15    0   47    47   15
  saved results → binn/artifacts/breast/results.json
  wrote LaTeX table → binn/artifacts/breast/tex/05_metrics.tex
  saved pathway importance → binn/artifacts/breast/importance.npz

[cv] seed=2  binn x breast  done in 7s → results_cv/seed2/binn__breast.json
[cv] seed=2  graphpath x breast  → starting
cohort           : breast
scores csv       : /work/mech-ai-scratch/tirtho/TherapAgent/Intermediate Dataset/Breast_cancer.csv
mapping csv      : /work/mech-ai-scratch/tirtho/TherapAgent/Final DataSet/Breast_Cancer_final.csv
artifacts dir    : /work/mech-ai-scratch/tirtho/TherapAgent/graphpath/artifacts/breast
PHASE 1: Environment
  Python     : 3.11.11
  numpy      : 2.4.4
  pandas     : 3.0.3
  scipy      : 1.17.1
  sklearn    : 1.8.0
  torch      : 2.4.1+cu118
  wrote LaTeX table → graphpath/artifacts/breast/tex/01_environment.tex

PHASE 2: Reactome pathway-pathway adjacency
  pathway rows in scores CSV     : 1706
  matched pathways               : 1686 (missing 20)
  undirected edges               : 4672
  degree min/mean/max            : 0 / 5.54 / 29
  siblings included              : True
  saved checkpoint → graphpath/artifacts/breast/reactome.pkl
  wrote LaTeX table → graphpath/artifacts/breast/tex/02_pathway_graph.tex

PHASE 3: Data preparation
  scores.csv samples             : 1218
  mapping.csv labeled samples    : 618
  intersection (used by model)   : 618
  X shape                        : (618, 1686)
  Y shape                        : (618, 3)
  split (n)                      : train=494 val=62 test=62
  pos weights                    : TMT=0.10, RT=0.84, OS=0.35
  wrote LaTeX tables → graphpath/artifacts/breast/tex/

PHASE 4: Training
  device                         : cuda
  pathways                       : 1686
  trainable params               : 125,894
  ep   1 *  train 0.3726  val 0.3557  lr 5.0e-02
  ep   3 *  train 0.3719  val 0.3554  lr 5.0e-02
  ep   5    train 0.3721  val 0.3555  lr 5.0e-02
  ep  10    train 0.3722  val 0.3559  lr 5.0e-02
  ep  15    train 0.3721  val 0.3559  lr 2.5e-02
  ep  20    train 0.3721  val 0.3562  lr 2.5e-02
  ep  25    train 0.3720  val 0.3557  lr 1.3e-02
  early stop @ epoch 28
  saved checkpoint → graphpath/artifacts/breast/graphpath.pt
  wrote LaTeX table → graphpath/artifacts/breast/tex/04_training_summary.tex

PHASE 5: Evaluation

  === VAL ===
  head    thr   AUROC   AUPRC      F1     Acc    TN   FP   FN   TP    n+   n-
  TMT    0.50   0.491   0.946   0.967   0.935     0    4    0   58    58    4
  RT     0.50   0.558   0.642   0.768   0.629     1   23    0   38    38   24
  OS     0.50   0.698   0.885   0.899   0.823     2   10    1   49    50   12

  === TEST ===
  head    thr   AUROC   AUPRC      F1     Acc    TN   FP   FN   TP    n+   n-
  TMT    0.50   0.593   0.970   0.975   0.952     0    3    0   59    59    3
  RT     0.50   0.759   0.830   0.784   0.661     3   20    1   38    39   23
  OS     0.50   0.491   0.752   0.835   0.726     2   13    4   43    47   15
  saved results → graphpath/artifacts/breast/results.json
  wrote LaTeX table → graphpath/artifacts/breast/tex/05_metrics.tex
  saved pathway importance → graphpath/artifacts/breast/importance.npz

[cv] seed=2  graphpath x breast  done in 21s → results_cv/seed2/graphpath__breast.json
[cv] seed=2  path x breast  → starting
cohort           : breast
scores csv       : /work/mech-ai-scratch/tirtho/TherapAgent/Intermediate Dataset/Breast_cancer.csv
mapping csv      : /work/mech-ai-scratch/tirtho/TherapAgent/Final DataSet/Breast_Cancer_final.csv
artifacts dir    : /work/mech-ai-scratch/tirtho/TherapAgent/path/artifacts/breast
PHASE 1: Environment
  Python     : 3.11.11
  numpy      : 2.4.4
  pandas     : 3.0.3
  scipy      : 1.17.1
  sklearn    : 1.8.0
  torch      : 2.4.1+cu118
  wrote LaTeX table → path/artifacts/breast/tex/01_environment.tex

PHASE 2: Reactome Jaccard adjacency
  pathway rows in scores CSV     : 1706
  matched pathways               : 1431 (missing 275)
  undirected edges               : 243210
  max Jaccard (after norm)       : 1.000
  median pathway gene-set size   : 42
  degree min/mean/max            : 7 / 339.9 / 1270
  saved checkpoint → path/artifacts/breast/reactome.pkl
  wrote LaTeX table → path/artifacts/breast/tex/02_pathway_graph.tex

PHASE 3: Data preparation
  scores.csv samples             : 1218
  mapping.csv labeled samples    : 618
  intersection (used by model)   : 618
  X shape                        : (618, 1431)
  Y shape                        : (618, 3)
  split (n)                      : train=494 val=62 test=62
  pos weights                    : TMT=0.10, RT=0.84, OS=0.35
  wrote LaTeX tables → path/artifacts/breast/tex/

PHASE 4: Training
  device                         : cuda
  pathways                       : 1431
  transformer layers / heads     : 2 / 4
  trainable params               : 4,295,292
  ep   1 *  train 0.3761  val 0.3534  lr 1.0e-04
  ep   3 *  train 0.3749  val 0.3526  lr 1.0e-04
  ep   4 *  train 0.3717  val 0.3480  lr 1.0e-04
  ep   5    train 0.3731  val 0.3484  lr 1.0e-04
  ep   6 *  train 0.3686  val 0.3433  lr 1.0e-04
  ep   7 *  train 0.3691  val 0.3429  lr 1.0e-04
  ep   9 *  train 0.3688  val 0.3425  lr 1.0e-04
  ep  10    train 0.3724  val 0.3456  lr 1.0e-04
  ep  14 *  train 0.3652  val 0.3336  lr 1.0e-04
  ep  15    train 0.3668  val 0.3448  lr 1.0e-04
  ep  20    train 0.3504  val 0.3512  lr 1.0e-04
  ep  22 *  train 0.3371  val 0.3286  lr 1.0e-04
  ep  25    train 0.3056  val 0.3376  lr 1.0e-04
  ep  30    train 0.2464  val 0.3835  lr 1.0e-04
  ep  35    train 0.2020  val 0.4060  lr 5.0e-05
  ep  40    train 0.1742  val 0.4318  lr 5.0e-05
  ep  45    train 0.1633  val 0.4323  lr 2.5e-05
  early stop @ epoch 49
  saved checkpoint → path/artifacts/breast/path.pt
  wrote LaTeX table → path/artifacts/breast/tex/04_training_summary.tex

PHASE 5: Evaluation

  === VAL ===
  head    thr   AUROC   AUPRC      F1     Acc    TN   FP   FN   TP    n+   n-
  TMT    0.32   0.672   0.969   0.975   0.952     1    3    0   58    58    4
  RT     0.27   0.709   0.717   0.841   0.774    11   13    1   37    38   24
  OS     0.03   0.582   0.835   0.893   0.806     0   12    0   50    50   12

  === TEST ===
  head    thr   AUROC   AUPRC      F1     Acc    TN   FP   FN   TP    n+   n-
  TMT    0.32   0.401   0.935   0.958   0.919     0    3    2   57    59    3
  RT     0.27   0.602   0.774   0.697   0.565     4   19    8   31    39   23
  OS     0.03   0.553   0.789   0.862   0.758     0   15    0   47    47   15
  saved results → path/artifacts/breast/results.json
  wrote LaTeX table → path/artifacts/breast/tex/05_metrics.tex
  saved pathway importance → path/artifacts/breast/importance.npz

[cv] seed=2  path x breast  done in 78s → results_cv/seed2/path__breast.json
[cv] seed=2  binn x lung  → starting
cohort           : lung
scores csv       : /work/mech-ai-scratch/tirtho/TherapAgent/Intermediate Dataset/Lung_cancer.csv
mapping csv      : /work/mech-ai-scratch/tirtho/TherapAgent/Final DataSet/Lung_cancer_final.csv
artifacts dir    : /work/mech-ai-scratch/tirtho/TherapAgent/binn/artifacts/lung
PHASE 1: Environment
  Python     : 3.11.11
  numpy      : 2.4.4
  pandas     : 3.0.3
  scipy      : 1.17.1
  sklearn    : 1.8.0
  torch      : 2.4.1+cu118
  joblib     : 1.5.3
  wrote LaTeX table → binn/artifacts/lung/tex/01_environment.tex

PHASE 2: Reactome hierarchy
  pathway rows in scores CSV     : 1706
  matched pathway nodes          : 1686 / 1706 (20 missing)
  layer 0                       : 1686 nodes
  layer 1                       : 656 nodes
  layer 2                       : 306 nodes
  layer 3                       : 163 nodes
  mask  0→1                  : (656, 1686) (active edges=1719)
  mask  1→2                  : (306, 656) (active edges=679)
  mask  2→3                  : (163, 306) (active edges=317)
  saved checkpoint → binn/artifacts/lung/reactome.pkl
  wrote LaTeX table → binn/artifacts/lung/tex/02_reactome_layers.tex

PHASE 3: Data preparation
  scores.csv samples             : 1129
  scores.csv pathways            : 1706
  mapping.csv labeled samples    : 970
  intersection (used by model)   : 970
  X shape                        : (970, 1686)
  Y shape                        : (970, 3)
  split (n)                      : train=776  val=97  test=97
  pos weights (train)            : TMT=2.00, RT=6.92, OS=0.12
  saved checkpoint → binn/artifacts/lung/splits.npz
  wrote LaTeX tables → binn/artifacts/lung/tex/

PHASE 4: Training
  device                         : cuda
  layer sizes                    : [1686, 656, 306, 163]
  active params                  : 14,535
  ep   1 *  train 0.7868  val 0.7276  lr 1.0e-03
  ep   5    train 0.6865  val 0.7526  lr 1.0e-03
  ep  10    train 0.6380  val 0.7502  lr 5.0e-04
  ep  15    train 0.6212  val 0.7484  lr 5.0e-04
  ep  20    train 0.5902  val 0.7542  lr 2.5e-04
  early stop @ epoch 21
  saved checkpoint → binn/artifacts/lung/binn.pt
  wrote LaTeX table → binn/artifacts/lung/tex/04_training_summary.tex

PHASE 5: Evaluation

  === VAL ===
  head    thr   AUROC   AUPRC      F1     Acc    TN   FP   FN   TP    n+   n-
  TMT    0.42   0.526   0.271   0.393   0.330    11   63    2   21    23   74
  RT     0.41   0.505   0.197   0.230   0.309    20   67    0   10    10   87
  OS     0.39   0.438   0.808   0.916   0.845     0   15    0   82    82   15

  === TEST ===
  head    thr   AUROC   AUPRC      F1     Acc    TN   FP   FN   TP    n+   n-
  TMT    0.42   0.522   0.395   0.473   0.402    13   55    3   26    29   68
  RT     0.41   0.508   0.250   0.277   0.299    16   65    3   13    16   81
  OS     0.39   0.532   0.924   0.946   0.897     0    9    1   87    88    9
  saved results → binn/artifacts/lung/results.json
  wrote LaTeX table → binn/artifacts/lung/tex/05_metrics.tex
  saved pathway importance → binn/artifacts/lung/importance.npz

[cv] seed=2  binn x lung  done in 7s → results_cv/seed2/binn__lung.json
[cv] seed=2  graphpath x lung  → starting
cohort           : lung
scores csv       : /work/mech-ai-scratch/tirtho/TherapAgent/Intermediate Dataset/Lung_cancer.csv
mapping csv      : /work/mech-ai-scratch/tirtho/TherapAgent/Final DataSet/Lung_cancer_final.csv
artifacts dir    : /work/mech-ai-scratch/tirtho/TherapAgent/graphpath/artifacts/lung
PHASE 1: Environment
  Python     : 3.11.11
  numpy      : 2.4.4
  pandas     : 3.0.3
  scipy      : 1.17.1
  sklearn    : 1.8.0
  torch      : 2.4.1+cu118
  wrote LaTeX table → graphpath/artifacts/lung/tex/01_environment.tex

PHASE 2: Reactome pathway-pathway adjacency
  pathway rows in scores CSV     : 1706
  matched pathways               : 1686 (missing 20)
  undirected edges               : 4672
  degree min/mean/max            : 0 / 5.54 / 29
  siblings included              : True
  saved checkpoint → graphpath/artifacts/lung/reactome.pkl
  wrote LaTeX table → graphpath/artifacts/lung/tex/02_pathway_graph.tex

PHASE 3: Data preparation
  scores.csv samples             : 1129
  mapping.csv labeled samples    : 970
  intersection (used by model)   : 970
  X shape                        : (970, 1686)
  Y shape                        : (970, 3)
  split (n)                      : train=776 val=97 test=97
  pos weights                    : TMT=2.00, RT=6.92, OS=0.12
  wrote LaTeX tables → graphpath/artifacts/lung/tex/

PHASE 4: Training
  device                         : cuda
  pathways                       : 1686
  trainable params               : 125,894
  ep   1 *  train 0.7653  val 0.7205  lr 5.0e-02
  ep   3 *  train 0.9534  val 0.7173  lr 5.0e-02
  ep   5 *  train 0.9882  val 0.7169  lr 5.0e-02
  ep  10    train 0.9216  val 0.8848  lr 5.0e-02
  ep  13 *  train 0.7666  val 0.7092  lr 5.0e-02
  ep  15    train 0.7622  val 0.8013  lr 5.0e-02
  ep  18 *  train 0.7643  val 0.7067  lr 5.0e-02
  ep  20    train 0.7686  val 0.7176  lr 5.0e-02
  ep  25    train 2.0673  val 9.9879  lr 5.0e-02
  ep  30    train 3.9982  val 1.0305  lr 2.5e-02
  ep  35    train 0.7699  val 0.7356  lr 2.5e-02
  ep  40    train 0.7624  val 0.7167  lr 1.3e-02
  early stop @ epoch 43
  saved checkpoint → graphpath/artifacts/lung/graphpath.pt
  wrote LaTeX table → graphpath/artifacts/lung/tex/04_training_summary.tex

PHASE 5: Evaluation

  === VAL ===
  head    thr   AUROC   AUPRC      F1     Acc    TN   FP   FN   TP    n+   n-
  TMT    0.42   0.500   0.237   0.383   0.237     0   74    0   23    23   74
  RT     0.51   0.500   0.103   0.187   0.103     0   87    0   10    10   87
  OS     0.48   0.500   0.845   0.916   0.845     0   15    0   82    82   15

  === TEST ===
  head    thr   AUROC   AUPRC      F1     Acc    TN   FP   FN   TP    n+   n-
  TMT    0.42   0.500   0.299   0.460   0.299     0   68    0   29    29   68
  RT     0.51   0.500   0.165   0.283   0.165     0   81    0   16    16   81
  OS     0.48   0.500   0.907   0.951   0.907     0    9    0   88    88    9
  saved results → graphpath/artifacts/lung/results.json
  wrote LaTeX table → graphpath/artifacts/lung/tex/05_metrics.tex
  saved pathway importance → graphpath/artifacts/lung/importance.npz

[cv] seed=2  graphpath x lung  done in 44s → results_cv/seed2/graphpath__lung.json
[cv] seed=2  path x lung  → starting
cohort           : lung
scores csv       : /work/mech-ai-scratch/tirtho/TherapAgent/Intermediate Dataset/Lung_cancer.csv
mapping csv      : /work/mech-ai-scratch/tirtho/TherapAgent/Final DataSet/Lung_cancer_final.csv
artifacts dir    : /work/mech-ai-scratch/tirtho/TherapAgent/path/artifacts/lung
PHASE 1: Environment
  Python     : 3.11.11
  numpy      : 2.4.4
  pandas     : 3.0.3
  scipy      : 1.17.1
  sklearn    : 1.8.0
  torch      : 2.4.1+cu118
  wrote LaTeX table → path/artifacts/lung/tex/01_environment.tex

PHASE 2: Reactome Jaccard adjacency
  pathway rows in scores CSV     : 1706
  matched pathways               : 1431 (missing 275)
  undirected edges               : 243210
  max Jaccard (after norm)       : 1.000
  median pathway gene-set size   : 42
  degree min/mean/max            : 7 / 339.9 / 1270
  saved checkpoint → path/artifacts/lung/reactome.pkl
  wrote LaTeX table → path/artifacts/lung/tex/02_pathway_graph.tex

PHASE 3: Data preparation
  scores.csv samples             : 1129
  mapping.csv labeled samples    : 970
  intersection (used by model)   : 970
  X shape                        : (970, 1431)
  Y shape                        : (970, 3)
  split (n)                      : train=776 val=97 test=97
  pos weights                    : TMT=2.00, RT=6.92, OS=0.12
  wrote LaTeX tables → path/artifacts/lung/tex/

PHASE 4: Training
  device                         : cuda
  pathways                       : 1431
  transformer layers / heads     : 2 / 4
  trainable params               : 4,295,292
  ep   1 *  train 0.7805  val 0.7149  lr 1.0e-04
  ep   3 *  train 0.7665  val 0.7149  lr 1.0e-04
  ep   4 *  train 0.7670  val 0.7085  lr 1.0e-04
  ep   5    train 0.7638  val 0.7191  lr 1.0e-04
  ep  10    train 0.7653  val 0.7205  lr 1.0e-04
  ep  15    train 0.7535  val 0.7236  lr 5.0e-05
  ep  20    train 0.7404  val 0.7309  lr 5.0e-05
  ep  25    train 0.6980  val 0.7205  lr 5.0e-05
  ep  29 *  train 0.6773  val 0.7073  lr 2.5e-05
  ep  30    train 0.6564  val 0.7198  lr 2.5e-05
  ep  33 *  train 0.6387  val 0.7072  lr 2.5e-05
  ep  35    train 0.6243  val 0.7213  lr 2.5e-05
  ep  40 *  train 0.5963  val 0.7013  lr 2.5e-05
  ep  45    train 0.5856  val 0.7137  lr 2.5e-05
  ep  50    train 0.5507  val 0.7352  lr 2.5e-05
  ep  55    train 0.5360  val 0.7315  lr 1.3e-05
  ep  60    train 0.5251  val 0.7307  lr 1.3e-05
  ep  65    train 0.5252  val 0.7275  lr 6.3e-06
  early stop @ epoch 65
  saved checkpoint → path/artifacts/lung/path.pt
  wrote LaTeX table → path/artifacts/lung/tex/04_training_summary.tex

PHASE 5: Evaluation

  === VAL ===
  head    thr   AUROC   AUPRC      F1     Acc    TN   FP   FN   TP    n+   n-
  TMT    0.33   0.631   0.354   0.434   0.381    14   60    0   23    23   74
  RT     0.53   0.621   0.140   0.286   0.691    61   26    4    6    10   87
  OS     0.44   0.541   0.853   0.916   0.845     0   15    0   82    82   15

  === TEST ===
  head    thr   AUROC   AUPRC      F1     Acc    TN   FP   FN   TP    n+   n-
  TMT    0.33   0.581   0.383   0.467   0.412    15   53    4   25    29   68
  RT     0.53   0.663   0.383   0.364   0.711    61   20    8    8    16   81
  OS     0.44   0.582   0.920   0.951   0.907     0    9    0   88    88    9
  saved results → path/artifacts/lung/results.json
  wrote LaTeX table → path/artifacts/lung/tex/05_metrics.tex
  saved pathway importance → path/artifacts/lung/importance.npz

[cv] seed=2  path x lung  done in 156s → results_cv/seed2/path__lung.json
[cv] seed=2  binn x prostate  → starting
cohort           : prostate
scores csv       : /work/mech-ai-scratch/tirtho/TherapAgent/Intermediate Dataset/Prostate_cancer.csv
mapping csv      : /work/mech-ai-scratch/tirtho/TherapAgent/Final DataSet/Prostate_cancer_final.csv
artifacts dir    : /work/mech-ai-scratch/tirtho/TherapAgent/binn/artifacts/prostate
PHASE 1: Environment
  Python     : 3.11.11
  numpy      : 2.4.4
  pandas     : 3.0.3
  scipy      : 1.17.1
  sklearn    : 1.8.0
  torch      : 2.4.1+cu118
  joblib     : 1.5.3
  wrote LaTeX table → binn/artifacts/prostate/tex/01_environment.tex

PHASE 2: Reactome hierarchy
  pathway rows in scores CSV     : 1706
  matched pathway nodes          : 1686 / 1706 (20 missing)
  layer 0                       : 1686 nodes
  layer 1                       : 656 nodes
  layer 2                       : 306 nodes
  layer 3                       : 163 nodes
  mask  0→1                  : (656, 1686) (active edges=1719)
  mask  1→2                  : (306, 656) (active edges=679)
  mask  2→3                  : (163, 306) (active edges=317)
  saved checkpoint → binn/artifacts/prostate/reactome.pkl
  wrote LaTeX table → binn/artifacts/prostate/tex/02_reactome_layers.tex

PHASE 3: Data preparation
  scores.csv samples             : 550
  scores.csv pathways            : 1706
  mapping.csv labeled samples    : 496
  intersection (used by model)   : 496
  X shape                        : (496, 1686)
  Y shape                        : (496, 3)
  split (n)                      : train=396  val=50  test=50
  pos weights (train)            : TMT=8.21, RT=6.76, OS=0.10
  saved checkpoint → binn/artifacts/prostate/splits.npz
  wrote LaTeX tables → binn/artifacts/prostate/tex/

PHASE 4: Training
  device                         : cuda
  layer sizes                    : [1686, 656, 306, 163]
  active params                  : 14,535
  ep   1 *  train 0.7905  val 0.7641  lr 1.0e-03
  ep   2 *  train 0.6898  val 0.7510  lr 1.0e-03
  ep   3 *  train 0.6535  val 0.7243  lr 1.0e-03
  ep   4 *  train 0.6240  val 0.6911  lr 1.0e-03
  ep   5 *  train 0.6133  val 0.6496  lr 1.0e-03
  ep   6 *  train 0.5884  val 0.6148  lr 1.0e-03
  ep   7 *  train 0.5807  val 0.6010  lr 1.0e-03
  ep   8 *  train 0.5530  val 0.5765  lr 1.0e-03
  ep   9 *  train 0.5537  val 0.5688  lr 1.0e-03
  ep  10    train 0.5214  val 0.5776  lr 1.0e-03
  ep  15 *  train 0.4835  val 0.5541  lr 1.0e-03
  ep  20    train 0.4441  val 0.5752  lr 1.0e-03
  ep  25    train 0.3996  val 0.5564  lr 5.0e-04
  ep  30    train 0.3763  val 0.5718  lr 5.0e-04
  ep  35    train 0.3668  val 0.5713  lr 2.5e-04
  early stop @ epoch 35
  saved checkpoint → binn/artifacts/prostate/binn.pt
  wrote LaTeX table → binn/artifacts/prostate/tex/04_training_summary.tex

PHASE 5: Evaluation

  === VAL ===
  head    thr   AUROC   AUPRC      F1     Acc    TN   FP   FN   TP    n+   n-
  TMT    0.84   0.955   0.827   0.800   0.960    44    0    2    4     6   44
  RT     0.85   0.712   0.333   0.444   0.900    43    1    4    2     6   44
  OS     0.50     nan     nan   0.913   0.840     0    0    8   42    50    0

  === TEST ===
  head    thr   AUROC   AUPRC      F1     Acc    TN   FP   FN   TP    n+   n-
  TMT    0.84   0.840   0.349   0.286   0.900    44    1    4    1     5   45
  RT     0.85   0.723   0.233   0.000   0.900    45    1    4    0     4   46
  OS     0.50   0.719   0.987   0.925   0.860     0    2    5   43    48    2
  saved results → binn/artifacts/prostate/results.json
  wrote LaTeX table → binn/artifacts/prostate/tex/05_metrics.tex
  saved pathway importance → binn/artifacts/prostate/importance.npz

[cv] seed=2  binn x prostate  done in 6s → results_cv/seed2/binn__prostate.json
[cv] seed=2  graphpath x prostate  → starting
cohort           : prostate
scores csv       : /work/mech-ai-scratch/tirtho/TherapAgent/Intermediate Dataset/Prostate_cancer.csv
mapping csv      : /work/mech-ai-scratch/tirtho/TherapAgent/Final DataSet/Prostate_cancer_final.csv
artifacts dir    : /work/mech-ai-scratch/tirtho/TherapAgent/graphpath/artifacts/prostate
PHASE 1: Environment
  Python     : 3.11.11
  numpy      : 2.4.4
  pandas     : 3.0.3
  scipy      : 1.17.1
  sklearn    : 1.8.0
  torch      : 2.4.1+cu118
  wrote LaTeX table → graphpath/artifacts/prostate/tex/01_environment.tex

PHASE 2: Reactome pathway-pathway adjacency
  pathway rows in scores CSV     : 1706
  matched pathways               : 1686 (missing 20)
  undirected edges               : 4672
  degree min/mean/max            : 0 / 5.54 / 29
  siblings included              : True
  saved checkpoint → graphpath/artifacts/prostate/reactome.pkl
  wrote LaTeX table → graphpath/artifacts/prostate/tex/02_pathway_graph.tex

PHASE 3: Data preparation
  scores.csv samples             : 550
  mapping.csv labeled samples    : 496
  intersection (used by model)   : 496
  X shape                        : (496, 1686)
  Y shape                        : (496, 3)
  split (n)                      : train=396 val=50 test=50
  pos weights                    : TMT=8.21, RT=6.76, OS=0.10
  wrote LaTeX tables → graphpath/artifacts/prostate/tex/

PHASE 4: Training
  device                         : cuda
  pathways                       : 1686
  trainable params               : 125,894
  ep   1 *  train 0.8242  val 0.7603  lr 5.0e-02
  ep   2 *  train 0.7719  val 0.6781  lr 5.0e-02
  ep   3 *  train 0.7023  val 0.6675  lr 5.0e-02
  ep   5    train 0.7010  val 0.7278  lr 5.0e-02
  ep   6 *  train 0.7533  val 0.6318  lr 5.0e-02
  ep   8 *  train 0.6598  val 0.5485  lr 5.0e-02
  ep  10    train 0.6381  val 0.6597  lr 5.0e-02
  ep  15    train 2.4256  val 2.5209  lr 5.0e-02
  ep  20    train 1.3780  val 2.1932  lr 2.5e-02
  ep  25    train 0.8369  val 0.8861  lr 2.5e-02
  ep  30    train 0.6189  val 0.6378  lr 1.3e-02
  early stop @ epoch 33
  saved checkpoint → graphpath/artifacts/prostate/graphpath.pt
  wrote LaTeX table → graphpath/artifacts/prostate/tex/04_training_summary.tex

PHASE 5: Evaluation

  === VAL ===
  head    thr   AUROC   AUPRC      F1     Acc    TN   FP   FN   TP    n+   n-
  TMT    0.82   0.955   0.819   0.769   0.940    42    2    1    5     6   44
  RT     0.55   0.742   0.293   0.417   0.720    31   13    1    5     6   44
  OS     0.50     nan     nan   1.000   1.000     0    0    0   50    50    0

  === TEST ===
  head    thr   AUROC   AUPRC      F1     Acc    TN   FP   FN   TP    n+   n-
  TMT    0.82   0.809   0.452   0.364   0.860    41    4    3    2     5   45
  RT     0.55   0.609   0.148   0.250   0.760    36   10    2    2     4   46
  OS     0.50   0.510   0.966   0.947   0.900     0    2    3   45    48    2
  saved results → graphpath/artifacts/prostate/results.json
  wrote LaTeX table → graphpath/artifacts/prostate/tex/05_metrics.tex
  saved pathway importance → graphpath/artifacts/prostate/importance.npz

[cv] seed=2  graphpath x prostate  done in 20s → results_cv/seed2/graphpath__prostate.json
[cv] seed=2  path x prostate  → starting
cohort           : prostate
scores csv       : /work/mech-ai-scratch/tirtho/TherapAgent/Intermediate Dataset/Prostate_cancer.csv
mapping csv      : /work/mech-ai-scratch/tirtho/TherapAgent/Final DataSet/Prostate_cancer_final.csv
artifacts dir    : /work/mech-ai-scratch/tirtho/TherapAgent/path/artifacts/prostate
PHASE 1: Environment
  Python     : 3.11.11
  numpy      : 2.4.4
  pandas     : 3.0.3
  scipy      : 1.17.1
  sklearn    : 1.8.0
  torch      : 2.4.1+cu118
  wrote LaTeX table → path/artifacts/prostate/tex/01_environment.tex

PHASE 2: Reactome Jaccard adjacency
  pathway rows in scores CSV     : 1706
  matched pathways               : 1431 (missing 275)
  undirected edges               : 243210
  max Jaccard (after norm)       : 1.000
  median pathway gene-set size   : 42
  degree min/mean/max            : 7 / 339.9 / 1270
  saved checkpoint → path/artifacts/prostate/reactome.pkl
  wrote LaTeX table → path/artifacts/prostate/tex/02_pathway_graph.tex

PHASE 3: Data preparation
  scores.csv samples             : 550
  mapping.csv labeled samples    : 496
  intersection (used by model)   : 496
  X shape                        : (496, 1431)
  Y shape                        : (496, 3)
  split (n)                      : train=396 val=50 test=50
  pos weights                    : TMT=8.21, RT=6.76, OS=0.10
  wrote LaTeX tables → path/artifacts/prostate/tex/

PHASE 4: Training
  device                         : cuda
  pathways                       : 1431
  transformer layers / heads     : 2 / 4
  trainable params               : 4,295,292
  ep   1 *  train 0.8527  val 0.8506  lr 1.0e-04
  ep   2 *  train 0.8236  val 0.8054  lr 1.0e-04
  ep   3 *  train 0.8217  val 0.7961  lr 1.0e-04
  ep   4 *  train 0.8008  val 0.7698  lr 1.0e-04
  ep   5    train 0.8103  val 0.7795  lr 1.0e-04
  ep   8 *  train 0.7882  val 0.7343  lr 1.0e-04
  ep  10 *  train 0.7703  val 0.7288  lr 1.0e-04
  ep  13 *  train 0.7506  val 0.7112  lr 1.0e-04
  ep  15    train 0.7329  val 0.7205  lr 1.0e-04
  ep  19 *  train 0.7006  val 0.6814  lr 1.0e-04
  ep  20    train 0.6852  val 0.7092  lr 1.0e-04
  ep  22 *  train 0.6655  val 0.6802  lr 1.0e-04
  ep  23 *  train 0.6489  val 0.6551  lr 1.0e-04
  ep  25    train 0.6272  val 0.6990  lr 1.0e-04
  ep  30    train 0.5323  val 0.7023  lr 1.0e-04
  ep  35    train 0.4405  val 0.6937  lr 5.0e-05
  ep  40    train 0.3931  val 0.7440  lr 5.0e-05
  ep  45    train 0.3582  val 0.7033  lr 2.5e-05
  early stop @ epoch 49
  saved checkpoint → path/artifacts/prostate/path.pt
  wrote LaTeX table → path/artifacts/prostate/tex/04_training_summary.tex

PHASE 5: Evaluation

  === VAL ===
  head    thr   AUROC   AUPRC      F1     Acc    TN   FP   FN   TP    n+   n-
  TMT    0.91   0.920   0.740   0.667   0.940    44    0    3    3     6   44
  RT     0.49   0.705   0.219   0.333   0.600    25   19    1    5     6   44
  OS     0.50     nan     nan   1.000   1.000     0    0    0   50    50    0

  === TEST ===
  head    thr   AUROC   AUPRC      F1     Acc    TN   FP   FN   TP    n+   n-
  TMT    0.91   0.742   0.293   0.000   0.900    45    0    5    0     5   45
  RT     0.49   0.614   0.183   0.261   0.660    30   16    1    3     4   46
  OS     0.50   0.615   0.978   0.980   0.960     0    2    0   48    48    2
  saved results → path/artifacts/prostate/results.json
  wrote LaTeX table → path/artifacts/prostate/tex/05_metrics.tex
  saved pathway importance → path/artifacts/prostate/importance.npz

[cv] seed=2  path x prostate  done in 63s → results_cv/seed2/path__prostate.json
[cv] seed=2  binn x head_neck  → starting
cohort           : head_neck
scores csv       : /work/mech-ai-scratch/tirtho/TherapAgent/Intermediate Dataset/Head_Neck_Cancer.csv
mapping csv      : /work/mech-ai-scratch/tirtho/TherapAgent/Final DataSet/Head_Neck_Cancer_Final.csv
artifacts dir    : /work/mech-ai-scratch/tirtho/TherapAgent/binn/artifacts/head_neck
PHASE 1: Environment
  Python     : 3.11.11
  numpy      : 2.4.4
  pandas     : 3.0.3
  scipy      : 1.17.1
  sklearn    : 1.8.0
  torch      : 2.4.1+cu118
  joblib     : 1.5.3
  wrote LaTeX table → binn/artifacts/head_neck/tex/01_environment.tex

PHASE 2: Reactome hierarchy
  pathway rows in scores CSV     : 1706
  matched pathway nodes          : 1686 / 1706 (20 missing)
  layer 0                       : 1686 nodes
  layer 1                       : 656 nodes
  layer 2                       : 306 nodes
  layer 3                       : 163 nodes
  mask  0→1                  : (656, 1686) (active edges=1719)
  mask  1→2                  : (306, 656) (active edges=679)
  mask  2→3                  : (163, 306) (active edges=317)
  saved checkpoint → binn/artifacts/head_neck/reactome.pkl
  wrote LaTeX table → binn/artifacts/head_neck/tex/02_reactome_layers.tex

PHASE 3: Data preparation
  scores.csv samples             : 566
  scores.csv pathways            : 1706
  mapping.csv labeled samples    : 429
  intersection (used by model)   : 429
  X shape                        : (429, 1686)
  Y shape                        : (429, 3)
  split (n)                      : train=343  val=43  test=43
  pos weights (train)            : TMT=1.68, RT=0.55, OS=0.10
  saved checkpoint → binn/artifacts/head_neck/splits.npz
  wrote LaTeX tables → binn/artifacts/head_neck/tex/

PHASE 4: Training
  device                         : cuda
  layer sizes                    : [1686, 656, 306, 163]
  active params                  : 14,535
  ep   1 *  train 0.4952  val 0.4547  lr 1.0e-03
  ep   3 *  train 0.4450  val 0.4503  lr 1.0e-03
  ep   4 *  train 0.4334  val 0.4366  lr 1.0e-03
  ep   5    train 0.4146  val 0.4459  lr 1.0e-03
  ep   6 *  train 0.4100  val 0.4309  lr 1.0e-03
  ep   7 *  train 0.4030  val 0.4278  lr 1.0e-03
  ep  10    train 0.3880  val 0.4474  lr 1.0e-03
  ep  15    train 0.3589  val 0.4355  lr 5.0e-04
  ep  20    train 0.3367  val 0.4486  lr 5.0e-04
  ep  25    train 0.3288  val 0.4384  lr 2.5e-04
  early stop @ epoch 27
  saved checkpoint → binn/artifacts/head_neck/binn.pt
  wrote LaTeX table → binn/artifacts/head_neck/tex/04_training_summary.tex

PHASE 5: Evaluation

  === VAL ===
  head    thr   AUROC   AUPRC      F1     Acc    TN   FP   FN   TP    n+   n-
  TMT    0.43   0.667   0.350   0.513   0.558    14   19    0   10    10   33
  RT     0.38   0.742   0.804   0.807   0.744     9    9    2   23    25   18
  OS     0.35   1.000   1.000   1.000   1.000     2    0    0   41    41    2

  === TEST ===
  head    thr   AUROC   AUPRC      F1     Acc    TN   FP   FN   TP    n+   n-
  TMT    0.43   0.624   0.410   0.500   0.581    16   15    3    9    12   31
  RT     0.38   0.612   0.784   0.712   0.605     5   10    7   21    28   15
  OS     0.35   0.650   0.966   0.909   0.837     1    2    5   35    40    3
  saved results → binn/artifacts/head_neck/results.json
  wrote LaTeX table → binn/artifacts/head_neck/tex/05_metrics.tex
  saved pathway importance → binn/artifacts/head_neck/importance.npz

[cv] seed=2  binn x head_neck  done in 6s → results_cv/seed2/binn__head_neck.json
[cv] seed=2  graphpath x head_neck  → starting
cohort           : head_neck
scores csv       : /work/mech-ai-scratch/tirtho/TherapAgent/Intermediate Dataset/Head_Neck_Cancer.csv
mapping csv      : /work/mech-ai-scratch/tirtho/TherapAgent/Final DataSet/Head_Neck_Cancer_Final.csv
artifacts dir    : /work/mech-ai-scratch/tirtho/TherapAgent/graphpath/artifacts/head_neck
PHASE 1: Environment
  Python     : 3.11.11
  numpy      : 2.4.4
  pandas     : 3.0.3
  scipy      : 1.17.1
  sklearn    : 1.8.0
  torch      : 2.4.1+cu118
  wrote LaTeX table → graphpath/artifacts/head_neck/tex/01_environment.tex

PHASE 2: Reactome pathway-pathway adjacency
  pathway rows in scores CSV     : 1706
  matched pathways               : 1686 (missing 20)
  undirected edges               : 4672
  degree min/mean/max            : 0 / 5.54 / 29
  siblings included              : True
  saved checkpoint → graphpath/artifacts/head_neck/reactome.pkl
  wrote LaTeX table → graphpath/artifacts/head_neck/tex/02_pathway_graph.tex

PHASE 3: Data preparation
  scores.csv samples             : 566
  mapping.csv labeled samples    : 429
  intersection (used by model)   : 429
  X shape                        : (429, 1686)
  Y shape                        : (429, 3)
  split (n)                      : train=343 val=43 test=43
  pos weights                    : TMT=1.68, RT=0.55, OS=0.10
  wrote LaTeX tables → graphpath/artifacts/head_neck/tex/

PHASE 4: Training
  device                         : cuda
  pathways                       : 1686
  trainable params               : 125,894
  ep   1 *  train 0.4950  val 0.4726  lr 5.0e-02
  ep   3 *  train 0.4767  val 0.4648  lr 5.0e-02
  ep   4 *  train 0.4709  val 0.4509  lr 5.0e-02
  ep   5    train 0.4676  val 0.4640  lr 5.0e-02
  ep   7 *  train 0.4716  val 0.4499  lr 5.0e-02
  ep  10    train 0.4603  val 0.4508  lr 5.0e-02
  ep  15 *  train 0.4509  val 0.4444  lr 5.0e-02
  ep  20    train 0.4487  val 0.4745  lr 5.0e-02
  ep  23 *  train 0.4443  val 0.4363  lr 5.0e-02
  ep  25    train 0.4447  val 0.4762  lr 5.0e-02
  ep  30    train 0.4506  val 0.4473  lr 5.0e-02
  ep  35    train 0.4474  val 0.4482  lr 2.5e-02
  ep  40    train 0.4369  val 0.4603  lr 2.5e-02
  ep  45    train 0.4249  val 0.4422  lr 1.3e-02
  early stop @ epoch 48
  saved checkpoint → graphpath/artifacts/head_neck/graphpath.pt
  wrote LaTeX table → graphpath/artifacts/head_neck/tex/04_training_summary.tex

PHASE 5: Evaluation

  === VAL ===
  head    thr   AUROC   AUPRC      F1     Acc    TN   FP   FN   TP    n+   n-
  TMT    0.48   0.679   0.380   0.533   0.674    21   12    2    8    10   33
  RT     0.37   0.656   0.776   0.750   0.628     3   15    1   24    25   18
  OS     0.38   0.976   0.999   0.988   0.977     2    0    1   40    41    2

  === TEST ===
  head    thr   AUROC   AUPRC      F1     Acc    TN   FP   FN   TP    n+   n-
  TMT    0.48   0.629   0.474   0.467   0.628    20   11    5    7    12   31
  RT     0.37   0.598   0.772   0.769   0.651     3   12    3   25    28   15
  OS     0.38   0.525   0.949   0.925   0.860     0    3    3   37    40    3
  saved results → graphpath/artifacts/head_neck/results.json
  wrote LaTeX table → graphpath/artifacts/head_neck/tex/05_metrics.tex
  saved pathway importance → graphpath/artifacts/head_neck/importance.npz

[cv] seed=2  graphpath x head_neck  done in 23s → results_cv/seed2/graphpath__head_neck.json
[cv] seed=2  path x head_neck  → starting
cohort           : head_neck
scores csv       : /work/mech-ai-scratch/tirtho/TherapAgent/Intermediate Dataset/Head_Neck_Cancer.csv
mapping csv      : /work/mech-ai-scratch/tirtho/TherapAgent/Final DataSet/Head_Neck_Cancer_Final.csv
artifacts dir    : /work/mech-ai-scratch/tirtho/TherapAgent/path/artifacts/head_neck
PHASE 1: Environment
  Python     : 3.11.11
  numpy      : 2.4.4
  pandas     : 3.0.3
  scipy      : 1.17.1
  sklearn    : 1.8.0
  torch      : 2.4.1+cu118
  wrote LaTeX table → path/artifacts/head_neck/tex/01_environment.tex

PHASE 2: Reactome Jaccard adjacency
  pathway rows in scores CSV     : 1706
  matched pathways               : 1431 (missing 275)
  undirected edges               : 243210
  max Jaccard (after norm)       : 1.000
  median pathway gene-set size   : 42
  degree min/mean/max            : 7 / 339.9 / 1270
  saved checkpoint → path/artifacts/head_neck/reactome.pkl
  wrote LaTeX table → path/artifacts/head_neck/tex/02_pathway_graph.tex

PHASE 3: Data preparation
  scores.csv samples             : 566
  mapping.csv labeled samples    : 429
  intersection (used by model)   : 429
  X shape                        : (429, 1431)
  Y shape                        : (429, 3)
  split (n)                      : train=343 val=43 test=43
  pos weights                    : TMT=1.68, RT=0.55, OS=0.10
  wrote LaTeX tables → path/artifacts/head_neck/tex/

PHASE 4: Training
  device                         : cuda
  pathways                       : 1431
  transformer layers / heads     : 2 / 4
  trainable params               : 4,295,292
  ep   1 *  train 0.5009  val 0.4649  lr 1.0e-04
  ep   2 *  train 0.4977  val 0.4631  lr 1.0e-04
  ep   5    train 0.4929  val 0.4769  lr 1.0e-04
  ep  10    train 0.4897  val 0.4734  lr 1.0e-04
  ep  15    train 0.4843  val 0.4826  lr 5.0e-05
  ep  20    train 0.4763  val 0.4645  lr 5.0e-05
  ep  25    train 0.4730  val 0.4730  lr 2.5e-05
  ep  30    train 0.4668  val 0.4759  lr 2.5e-05
  ep  35    train 0.4615  val 0.4836  lr 1.3e-05
  ep  40    train 0.4524  val 0.4765  lr 1.3e-05
  ep  45    train 0.4524  val 0.4760  lr 1.3e-05
  early stop @ epoch 49
  saved checkpoint → path/artifacts/head_neck/path.pt
  wrote LaTeX table → path/artifacts/head_neck/tex/04_training_summary.tex

PHASE 5: Evaluation

  === VAL ===
  head    thr   AUROC   AUPRC      F1     Acc    TN   FP   FN   TP    n+   n-
  TMT    0.46   0.458   0.246   0.392   0.279     2   31    0   10    10   33
  RT     0.41   0.547   0.644   0.735   0.581     0   18    0   25    25   18
  OS     0.50   0.646   0.973   0.976   0.953     0    2    0   41    41    2

  === TEST ===
  head    thr   AUROC   AUPRC      F1     Acc    TN   FP   FN   TP    n+   n-
  TMT    0.46   0.731   0.458   0.453   0.326     2   29    0   12    12   31
  RT     0.41   0.583   0.722   0.789   0.651     0   15    0   28    28   15
  OS     0.50   0.408   0.915   0.964   0.930     0    3    0   40    40    3
  saved results → path/artifacts/head_neck/results.json
  wrote LaTeX table → path/artifacts/head_neck/tex/05_metrics.tex
  saved pathway importance → path/artifacts/head_neck/importance.npz

[cv] seed=2  path x head_neck  done in 56s → results_cv/seed2/path__head_neck.json
[cv] seed=2  binn x thyroid  → starting
cohort           : thyroid
scores csv       : /work/mech-ai-scratch/tirtho/TherapAgent/Intermediate Dataset/Thyroid_Cancer.csv
mapping csv      : /work/mech-ai-scratch/tirtho/TherapAgent/Final DataSet/Thyroid_Cancer_Final.csv
artifacts dir    : /work/mech-ai-scratch/tirtho/TherapAgent/binn/artifacts/thyroid
PHASE 1: Environment
  Python     : 3.11.11
  numpy      : 2.4.4
  pandas     : 3.0.3
  scipy      : 1.17.1
  sklearn    : 1.8.0
  torch      : 2.4.1+cu118
  joblib     : 1.5.3
  wrote LaTeX table → binn/artifacts/thyroid/tex/01_environment.tex

PHASE 2: Reactome hierarchy
  pathway rows in scores CSV     : 1706
  matched pathway nodes          : 1686 / 1706 (20 missing)
  layer 0                       : 1686 nodes
  layer 1                       : 656 nodes
  layer 2                       : 306 nodes
  layer 3                       : 163 nodes
  mask  0→1                  : (656, 1686) (active edges=1719)
  mask  1→2                  : (306, 656) (active edges=679)
  mask  2→3                  : (163, 306) (active edges=317)
  saved checkpoint → binn/artifacts/thyroid/reactome.pkl
  wrote LaTeX table → binn/artifacts/thyroid/tex/02_reactome_layers.tex

PHASE 3: Data preparation
  scores.csv samples             : 572
  scores.csv pathways            : 1706
  mapping.csv labeled samples    : 109
  intersection (used by model)   : 109
  X shape                        : (109, 1686)
  Y shape                        : (109, 3)
  split (n)                      : train=87  val=11  test=11
  pos weights (train)            : TMT=13.50, RT=0.78, OS=0.10
  saved checkpoint → binn/artifacts/thyroid/splits.npz
  wrote LaTeX tables → binn/artifacts/thyroid/tex/

PHASE 4: Training
  device                         : cuda
  layer sizes                    : [1686, 656, 306, 163]
  active params                  : 14,535
  ep   1 *  train 0.6576  val 0.4617  lr 1.0e-03
  ep   5    train 0.4942  val 0.4723  lr 1.0e-03
  ep  10 *  train 0.4171  val 0.4606  lr 5.0e-04
  ep  11 *  train 0.3969  val 0.4591  lr 5.0e-04
  ep  12 *  train 0.4077  val 0.4580  lr 5.0e-04
  ep  13 *  train 0.4072  val 0.4570  lr 5.0e-04
  ep  14 *  train 0.3954  val 0.4562  lr 5.0e-04
  ep  15    train 0.3890  val 0.4562  lr 5.0e-04
  ep  20    train 0.3709  val 0.4601  lr 5.0e-04
  ep  25    train 0.3494  val 0.4880  lr 2.5e-04
  ep  30    train 0.3319  val 0.5202  lr 1.3e-04
  early stop @ epoch 34
  saved checkpoint → binn/artifacts/thyroid/binn.pt
  wrote LaTeX table → binn/artifacts/thyroid/tex/04_training_summary.tex

PHASE 5: Evaluation

  === VAL ===
  head    thr   AUROC   AUPRC      F1     Acc    TN   FP   FN   TP    n+   n-
  TMT    0.50     nan     nan   0.000   0.545     6    5    0    0     0   11
  RT     0.37   0.367   0.493   0.750   0.636     1    4    0    6     6    5
  OS     0.50     nan     nan   0.778   0.636     0    0    4    7    11    0

  === TEST ===
  head    thr   AUROC   AUPRC      F1     Acc    TN   FP   FN   TP    n+   n-
  TMT    0.50   0.100   0.100   0.000   0.909    10    0    1    0     1   10
  RT     0.37   0.600   0.753   0.706   0.545     0    5    0    6     6    5
  OS     0.50     nan     nan   0.900   0.818     0    0    2    9    11    0
  saved results → binn/artifacts/thyroid/results.json
  wrote LaTeX table → binn/artifacts/thyroid/tex/05_metrics.tex
  saved pathway importance → binn/artifacts/thyroid/importance.npz

[cv] seed=2  binn x thyroid  done in 5s → results_cv/seed2/binn__thyroid.json
[cv] seed=2  graphpath x thyroid  → starting
cohort           : thyroid
scores csv       : /work/mech-ai-scratch/tirtho/TherapAgent/Intermediate Dataset/Thyroid_Cancer.csv
mapping csv      : /work/mech-ai-scratch/tirtho/TherapAgent/Final DataSet/Thyroid_Cancer_Final.csv
artifacts dir    : /work/mech-ai-scratch/tirtho/TherapAgent/graphpath/artifacts/thyroid
PHASE 1: Environment
  Python     : 3.11.11
  numpy      : 2.4.4
  pandas     : 3.0.3
  scipy      : 1.17.1
  sklearn    : 1.8.0
  torch      : 2.4.1+cu118
  wrote LaTeX table → graphpath/artifacts/thyroid/tex/01_environment.tex

PHASE 2: Reactome pathway-pathway adjacency
  pathway rows in scores CSV     : 1706
  matched pathways               : 1686 (missing 20)
  undirected edges               : 4672
  degree min/mean/max            : 0 / 5.54 / 29
  siblings included              : True
  saved checkpoint → graphpath/artifacts/thyroid/reactome.pkl
  wrote LaTeX table → graphpath/artifacts/thyroid/tex/02_pathway_graph.tex

PHASE 3: Data preparation
  scores.csv samples             : 572
  mapping.csv labeled samples    : 109
  intersection (used by model)   : 109
  X shape                        : (109, 1686)
  Y shape                        : (109, 3)
  split (n)                      : train=87 val=11 test=11
  pos weights                    : TMT=13.50, RT=0.78, OS=0.10
  wrote LaTeX tables → graphpath/artifacts/thyroid/tex/

PHASE 4: Training
  device                         : cuda
  pathways                       : 1686
  trainable params               : 125,894
  ep   1 *  train 0.6601  val 0.4577  lr 5.0e-02
  ep   2 *  train 0.6545  val 0.4573  lr 5.0e-02
  ep   5    train 0.5106  val 0.5465  lr 5.0e-02
  ep   7 *  train 0.3443  val 0.3668  lr 5.0e-02
  ep  10    train 0.4997  val 0.6217  lr 5.0e-02
  ep  15    train 0.2320  val 0.5075  lr 5.0e-02
  ep  20    train 0.1823  val 0.5024  lr 2.5e-02
  ep  25    train 0.1292  val 0.4932  lr 1.3e-02
  ep  30    train 0.1267  val 0.5312  lr 1.3e-02
  early stop @ epoch 32
  saved checkpoint → graphpath/artifacts/thyroid/graphpath.pt
  wrote LaTeX table → graphpath/artifacts/thyroid/tex/04_training_summary.tex

PHASE 5: Evaluation

  === VAL ===
  head    thr   AUROC   AUPRC      F1     Acc    TN   FP   FN   TP    n+   n-
  TMT    0.50     nan     nan   0.000   1.000    11    0    0    0     0   11
  RT     0.33   0.367   0.496   0.714   0.636     2    3    1    5     6    5
  OS     0.50     nan     nan   1.000   1.000     0    0    0   11    11    0

  === TEST ===
  head    thr   AUROC   AUPRC      F1     Acc    TN   FP   FN   TP    n+   n-
  TMT    0.50   0.500   0.167   0.000   0.909    10    0    1    0     1   10
  RT     0.33   0.533   0.672   0.571   0.455     1    4    2    4     6    5
  OS     0.50     nan     nan   1.000   1.000     0    0    0   11    11    0
  saved results → graphpath/artifacts/thyroid/results.json
  wrote LaTeX table → graphpath/artifacts/thyroid/tex/05_metrics.tex
  saved pathway importance → graphpath/artifacts/thyroid/importance.npz

[cv] seed=2  graphpath x thyroid  done in 8s → results_cv/seed2/graphpath__thyroid.json
[cv] seed=2  path x thyroid  → starting
cohort           : thyroid
scores csv       : /work/mech-ai-scratch/tirtho/TherapAgent/Intermediate Dataset/Thyroid_Cancer.csv
mapping csv      : /work/mech-ai-scratch/tirtho/TherapAgent/Final DataSet/Thyroid_Cancer_Final.csv
artifacts dir    : /work/mech-ai-scratch/tirtho/TherapAgent/path/artifacts/thyroid
PHASE 1: Environment
  Python     : 3.11.11
  numpy      : 2.4.4
  pandas     : 3.0.3
  scipy      : 1.17.1
  sklearn    : 1.8.0
  torch      : 2.4.1+cu118
  wrote LaTeX table → path/artifacts/thyroid/tex/01_environment.tex

PHASE 2: Reactome Jaccard adjacency
  pathway rows in scores CSV     : 1706
  matched pathways               : 1431 (missing 275)
  undirected edges               : 243210
  max Jaccard (after norm)       : 1.000
  median pathway gene-set size   : 42
  degree min/mean/max            : 7 / 339.9 / 1270
  saved checkpoint → path/artifacts/thyroid/reactome.pkl
  wrote LaTeX table → path/artifacts/thyroid/tex/02_pathway_graph.tex

PHASE 3: Data preparation
  scores.csv samples             : 572
  mapping.csv labeled samples    : 109
  intersection (used by model)   : 109
  X shape                        : (109, 1431)
  Y shape                        : (109, 3)
  split (n)                      : train=87 val=11 test=11
  pos weights                    : TMT=13.50, RT=0.78, OS=0.10
  wrote LaTeX tables → path/artifacts/thyroid/tex/

PHASE 4: Training
  device                         : cuda
  pathways                       : 1431
  transformer layers / heads     : 2 / 4
  trainable params               : 4,295,292
  ep   1 *  train 0.6830  val 0.4492  lr 1.0e-04
  ep   2 *  train 0.6554  val 0.4467  lr 1.0e-04
  ep   3 *  train 0.6544  val 0.4443  lr 1.0e-04
  ep   4 *  train 0.6564  val 0.4427  lr 1.0e-04
  ep   5    train 0.6426  val 0.4430  lr 1.0e-04
  ep   9 *  train 0.6590  val 0.4414  lr 1.0e-04
  ep  10 *  train 0.6261  val 0.4387  lr 1.0e-04
  ep  11 *  train 0.6260  val 0.4371  lr 1.0e-04
  ep  12 *  train 0.6324  val 0.4333  lr 1.0e-04
  ep  13 *  train 0.6344  val 0.4246  lr 1.0e-04
  ep  14 *  train 0.6164  val 0.4221  lr 1.0e-04
  ep  15    train 0.6102  val 0.4252  lr 1.0e-04
  ep  20    train 0.6086  val 0.4270  lr 1.0e-04
  ep  25    train 0.5541  val 0.4388  lr 5.0e-05
  ep  30    train 0.5374  val 0.4401  lr 5.0e-05
  ep  35    train 0.5585  val 0.4372  lr 5.0e-05
  ep  40    train 0.5110  val 0.4336  lr 2.5e-05
  ep  45    train 0.5334  val 0.4333  lr 2.5e-05
  early stop @ epoch 49
  saved checkpoint → path/artifacts/thyroid/path.pt
  wrote LaTeX table → path/artifacts/thyroid/tex/04_training_summary.tex

PHASE 5: Evaluation

  === VAL ===
  head    thr   AUROC   AUPRC      F1     Acc    TN   FP   FN   TP    n+   n-
  TMT    0.50     nan     nan   0.000   0.545     6    5    0    0     0   11
  RT     0.47   0.633   0.788   0.750   0.636     1    4    0    6     6    5
  OS     0.50     nan     nan   0.900   0.818     0    0    2    9    11    0

  === TEST ===
  head    thr   AUROC   AUPRC      F1     Acc    TN   FP   FN   TP    n+   n-
  TMT    0.50   0.600   0.200   0.000   0.727     8    2    1    0     1   10
  RT     0.47   0.333   0.508   0.533   0.364     0    5    2    4     6    5
  OS     0.50     nan     nan   1.000   1.000     0    0    0   11    11    0
  saved results → path/artifacts/thyroid/results.json
  wrote LaTeX table → path/artifacts/thyroid/tex/05_metrics.tex
  saved pathway importance → path/artifacts/thyroid/importance.npz

[cv] seed=2  path x thyroid  done in 19s → results_cv/seed2/path__thyroid.json

[cv] ═══════════════ seed = 3 ═══════════════
[cv] seed=3  binn x breast  → starting
cohort           : breast
scores csv       : /work/mech-ai-scratch/tirtho/TherapAgent/Intermediate Dataset/Breast_cancer.csv
mapping csv      : /work/mech-ai-scratch/tirtho/TherapAgent/Final DataSet/Breast_Cancer_final.csv
artifacts dir    : /work/mech-ai-scratch/tirtho/TherapAgent/binn/artifacts/breast
PHASE 1: Environment
  Python     : 3.11.11
  numpy      : 2.4.4
  pandas     : 3.0.3
  scipy      : 1.17.1
  sklearn    : 1.8.0
  torch      : 2.4.1+cu118
  joblib     : 1.5.3
  wrote LaTeX table → binn/artifacts/breast/tex/01_environment.tex

PHASE 2: Reactome hierarchy
  pathway rows in scores CSV     : 1706
  matched pathway nodes          : 1686 / 1706 (20 missing)
  layer 0                       : 1686 nodes
  layer 1                       : 656 nodes
  layer 2                       : 306 nodes
  layer 3                       : 163 nodes
  mask  0→1                  : (656, 1686) (active edges=1719)
  mask  1→2                  : (306, 656) (active edges=679)
  mask  2→3                  : (163, 306) (active edges=317)
  saved checkpoint → binn/artifacts/breast/reactome.pkl
  wrote LaTeX table → binn/artifacts/breast/tex/02_reactome_layers.tex

PHASE 3: Data preparation
  scores.csv samples             : 1218
  scores.csv pathways            : 1706
  mapping.csv labeled samples    : 618
  intersection (used by model)   : 618
  X shape                        : (618, 1686)
  Y shape                        : (618, 3)
  split (n)                      : train=494  val=62  test=62
  pos weights (train)            : TMT=0.10, RT=0.82, OS=0.32
  saved checkpoint → binn/artifacts/breast/splits.npz
  wrote LaTeX tables → binn/artifacts/breast/tex/

PHASE 4: Training
  device                         : cuda
  layer sizes                    : [1686, 656, 306, 163]
  active params                  : 14,535
  ep   1 *  train 0.3589  val 0.3680  lr 1.0e-03
  ep   2 *  train 0.3378  val 0.3628  lr 1.0e-03
  ep   3 *  train 0.3220  val 0.3627  lr 1.0e-03
  ep   4 *  train 0.3158  val 0.3619  lr 1.0e-03
  ep   5 *  train 0.3091  val 0.3554  lr 1.0e-03
  ep   7 *  train 0.2974  val 0.3546  lr 1.0e-03
  ep  10    train 0.2806  val 0.3591  lr 1.0e-03
  ep  12 *  train 0.2757  val 0.3498  lr 1.0e-03
  ep  15    train 0.2688  val 0.3664  lr 1.0e-03
  ep  20    train 0.2519  val 0.3720  lr 5.0e-04
  ep  25    train 0.2425  val 0.3783  lr 5.0e-04
  ep  30    train 0.2395  val 0.3702  lr 2.5e-04
  early stop @ epoch 32
  saved checkpoint → binn/artifacts/breast/binn.pt
  wrote LaTeX table → binn/artifacts/breast/tex/04_training_summary.tex

PHASE 5: Evaluation

  === VAL ===
  head    thr   AUROC   AUPRC      F1     Acc    TN   FP   FN   TP    n+   n-
  TMT    0.25   0.815   0.985   0.967   0.935     0    4    0   58    58    4
  RT     0.26   0.659   0.710   0.731   0.597     3   25    0   34    34   28
  OS     0.24   0.571   0.795   0.874   0.790     4   13    0   45    45   17

  === TEST ===
  head    thr   AUROC   AUPRC      F1     Acc    TN   FP   FN   TP    n+   n-
  TMT    0.25   0.566   0.921   0.922   0.855     0    7    2   53    55    7
  RT     0.26   0.514   0.680   0.768   0.629     1   22    1   38    39   23
  OS     0.24   0.705   0.847   0.840   0.742     4   14    2   42    44   18
  saved results → binn/artifacts/breast/results.json
  wrote LaTeX table → binn/artifacts/breast/tex/05_metrics.tex
  saved pathway importance → binn/artifacts/breast/importance.npz

[cv] seed=3  binn x breast  done in 6s → results_cv/seed3/binn__breast.json
[cv] seed=3  graphpath x breast  → starting
cohort           : breast
scores csv       : /work/mech-ai-scratch/tirtho/TherapAgent/Intermediate Dataset/Breast_cancer.csv
mapping csv      : /work/mech-ai-scratch/tirtho/TherapAgent/Final DataSet/Breast_Cancer_final.csv
artifacts dir    : /work/mech-ai-scratch/tirtho/TherapAgent/graphpath/artifacts/breast
PHASE 1: Environment
  Python     : 3.11.11
  numpy      : 2.4.4
  pandas     : 3.0.3
  scipy      : 1.17.1
  sklearn    : 1.8.0
  torch      : 2.4.1+cu118
  wrote LaTeX table → graphpath/artifacts/breast/tex/01_environment.tex

PHASE 2: Reactome pathway-pathway adjacency
  pathway rows in scores CSV     : 1706
  matched pathways               : 1686 (missing 20)
  undirected edges               : 4672
  degree min/mean/max            : 0 / 5.54 / 29
  siblings included              : True
  saved checkpoint → graphpath/artifacts/breast/reactome.pkl
  wrote LaTeX table → graphpath/artifacts/breast/tex/02_pathway_graph.tex

PHASE 3: Data preparation
  scores.csv samples             : 1218
  mapping.csv labeled samples    : 618
  intersection (used by model)   : 618
  X shape                        : (618, 1686)
  Y shape                        : (618, 3)
  split (n)                      : train=494 val=62 test=62
  pos weights                    : TMT=0.10, RT=0.82, OS=0.32
  wrote LaTeX tables → graphpath/artifacts/breast/tex/

PHASE 4: Training
  device                         : cuda
  pathways                       : 1686
  trainable params               : 125,894
  ep   1 *  train 0.3587  val 0.3627  lr 5.0e-02
  ep   5 *  train 0.3502  val 0.3624  lr 5.0e-02
  ep   6 *  train 0.3511  val 0.3615  lr 5.0e-02
  ep   7 *  train 0.3521  val 0.3612  lr 5.0e-02
  ep  10    train 0.3568  val 0.3618  lr 5.0e-02
  ep  15    train 0.3591  val 0.3616  lr 5.0e-02
  ep  20    train 0.3590  val 0.3617  lr 2.5e-02
  ep  25    train 0.3593  val 0.3617  lr 1.3e-02
  ep  30    train 0.3589  val 0.3617  lr 1.3e-02
  early stop @ epoch 32
  saved checkpoint → graphpath/artifacts/breast/graphpath.pt
  wrote LaTeX table → graphpath/artifacts/breast/tex/04_training_summary.tex

PHASE 5: Evaluation

  === VAL ===
  head    thr   AUROC   AUPRC      F1     Acc    TN   FP   FN   TP    n+   n-
  TMT    0.49   0.487   0.939   0.967   0.935     0    4    0   58    58    4
  RT     0.43   0.524   0.593   0.731   0.597     3   25    0   34    34   28
  OS     0.45   0.506   0.752   0.841   0.726     0   17    0   45    45   17

  === TEST ===
  head    thr   AUROC   AUPRC      F1     Acc    TN   FP   FN   TP    n+   n-
  TMT    0.49   0.631   0.937   0.901   0.823     1    6    5   50    55    7
  RT     0.43   0.567   0.682   0.772   0.629     0   23    0   39    39   23
  OS     0.45   0.622   0.782   0.838   0.726     1   17    0   44    44   18
  saved results → graphpath/artifacts/breast/results.json
  wrote LaTeX table → graphpath/artifacts/breast/tex/05_metrics.tex
  saved pathway importance → graphpath/artifacts/breast/importance.npz

[cv] seed=3  graphpath x breast  done in 23s → results_cv/seed3/graphpath__breast.json
[cv] seed=3  path x breast  → starting
cohort           : breast
scores csv       : /work/mech-ai-scratch/tirtho/TherapAgent/Intermediate Dataset/Breast_cancer.csv
mapping csv      : /work/mech-ai-scratch/tirtho/TherapAgent/Final DataSet/Breast_Cancer_final.csv
artifacts dir    : /work/mech-ai-scratch/tirtho/TherapAgent/path/artifacts/breast
PHASE 1: Environment
  Python     : 3.11.11
  numpy      : 2.4.4
  pandas     : 3.0.3
  scipy      : 1.17.1
  sklearn    : 1.8.0
  torch      : 2.4.1+cu118
  wrote LaTeX table → path/artifacts/breast/tex/01_environment.tex

PHASE 2: Reactome Jaccard adjacency
  pathway rows in scores CSV     : 1706
  matched pathways               : 1431 (missing 275)
  undirected edges               : 243210
  max Jaccard (after norm)       : 1.000
  median pathway gene-set size   : 42
  degree min/mean/max            : 7 / 339.9 / 1270
  saved checkpoint → path/artifacts/breast/reactome.pkl
  wrote LaTeX table → path/artifacts/breast/tex/02_pathway_graph.tex

PHASE 3: Data preparation
  scores.csv samples             : 1218
  mapping.csv labeled samples    : 618
  intersection (used by model)   : 618
  X shape                        : (618, 1431)
  Y shape                        : (618, 3)
  split (n)                      : train=494 val=62 test=62
  pos weights                    : TMT=0.10, RT=0.82, OS=0.32
  wrote LaTeX tables → path/artifacts/breast/tex/

PHASE 4: Training
  device                         : cuda
  pathways                       : 1431
  transformer layers / heads     : 2 / 4
  trainable params               : 4,295,292
  ep   1 *  train 0.3712  val 0.3621  lr 1.0e-04
  ep   5    train 0.3610  val 0.3788  lr 1.0e-04
  ep  10    train 0.3585  val 0.3760  lr 1.0e-04
  ep  15    train 0.3531  val 0.3808  lr 5.0e-05
  ep  20    train 0.3515  val 0.3807  lr 5.0e-05
  ep  25    train 0.3435  val 0.3772  lr 2.5e-05
  ep  30    train 0.3395  val 0.3821  lr 2.5e-05
  ep  35    train 0.3385  val 0.3780  lr 1.3e-05
  ep  40    train 0.3409  val 0.3807  lr 1.3e-05
  ep  45    train 0.3333  val 0.3789  lr 6.3e-06
  early stop @ epoch 49
  saved checkpoint → path/artifacts/breast/path.pt
  wrote LaTeX table → path/artifacts/breast/tex/04_training_summary.tex

PHASE 5: Evaluation

  === VAL ===
  head    thr   AUROC   AUPRC      F1     Acc    TN   FP   FN   TP    n+   n-
  TMT    0.40   0.547   0.926   0.967   0.935     0    4    0   58    58    4
  RT     0.49   0.505   0.597   0.723   0.581     2   26    0   34    34   28
  OS     0.47   0.592   0.774   0.857   0.758     2   15    0   45    45   17

  === TEST ===
  head    thr   AUROC   AUPRC      F1     Acc    TN   FP   FN   TP    n+   n-
  TMT    0.40   0.468   0.902   0.922   0.855     0    7    2   53    55    7
  RT     0.49   0.460   0.619   0.768   0.629     1   22    1   38    39   23
  OS     0.47   0.521   0.723   0.830   0.710     0   18    0   44    44   18
  saved results → path/artifacts/breast/results.json
  wrote LaTeX table → path/artifacts/breast/tex/05_metrics.tex
  saved pathway importance → path/artifacts/breast/importance.npz

[cv] seed=3  path x breast  done in 78s → results_cv/seed3/path__breast.json
[cv] seed=3  binn x lung  → starting
cohort           : lung
scores csv       : /work/mech-ai-scratch/tirtho/TherapAgent/Intermediate Dataset/Lung_cancer.csv
mapping csv      : /work/mech-ai-scratch/tirtho/TherapAgent/Final DataSet/Lung_cancer_final.csv
artifacts dir    : /work/mech-ai-scratch/tirtho/TherapAgent/binn/artifacts/lung
PHASE 1: Environment
  Python     : 3.11.11
  numpy      : 2.4.4
  pandas     : 3.0.3
  scipy      : 1.17.1
  sklearn    : 1.8.0
  torch      : 2.4.1+cu118
  joblib     : 1.5.3
  wrote LaTeX table → binn/artifacts/lung/tex/01_environment.tex

PHASE 2: Reactome hierarchy
  pathway rows in scores CSV     : 1706
  matched pathway nodes          : 1686 / 1706 (20 missing)
  layer 0                       : 1686 nodes
  layer 1                       : 656 nodes
  layer 2                       : 306 nodes
  layer 3                       : 163 nodes
  mask  0→1                  : (656, 1686) (active edges=1719)
  mask  1→2                  : (306, 656) (active edges=679)
  mask  2→3                  : (163, 306) (active edges=317)
  saved checkpoint → binn/artifacts/lung/reactome.pkl
  wrote LaTeX table → binn/artifacts/lung/tex/02_reactome_layers.tex

PHASE 3: Data preparation
  scores.csv samples             : 1129
  scores.csv pathways            : 1706
  mapping.csv labeled samples    : 970
  intersection (used by model)   : 970
  X shape                        : (970, 1686)
  Y shape                        : (970, 3)
  split (n)                      : train=776  val=97  test=97
  pos weights (train)            : TMT=2.12, RT=6.68, OS=0.13
  saved checkpoint → binn/artifacts/lung/splits.npz
  wrote LaTeX tables → binn/artifacts/lung/tex/

PHASE 4: Training
  device                         : cuda
  layer sizes                    : [1686, 656, 306, 163]
  active params                  : 14,535
  ep   1 *  train 0.7838  val 0.7619  lr 1.0e-03
  ep   2 *  train 0.7314  val 0.7574  lr 1.0e-03
  ep   5    train 0.7032  val 0.7790  lr 1.0e-03
  ep  10    train 0.6305  val 0.7976  lr 5.0e-04
  ep  15    train 0.6086  val 0.7926  lr 5.0e-04
  ep  20    train 0.5839  val 0.7910  lr 2.5e-04
  early stop @ epoch 22
  saved checkpoint → binn/artifacts/lung/binn.pt
  wrote LaTeX table → binn/artifacts/lung/tex/04_training_summary.tex

PHASE 5: Evaluation

  === VAL ===
  head    thr   AUROC   AUPRC      F1     Acc    TN   FP   FN   TP    n+   n-
  TMT    0.38   0.500   0.385   0.542   0.443    11   51    3   32    35   62
  RT     0.41   0.410   0.090   0.200   0.175     7   80    0   10    10   87
  OS     0.36   0.393   0.944   0.974   0.948     0    5    0   92    92    5

  === TEST ===
  head    thr   AUROC   AUPRC      F1     Acc    TN   FP   FN   TP    n+   n-
  TMT    0.38   0.560   0.320   0.447   0.412    17   53    4   23    27   70
  RT     0.41   0.507   0.153   0.229   0.237    12   72    2   11    13   84
  OS     0.36   0.527   0.858   0.916   0.845     0   13    2   82    84   13
  saved results → binn/artifacts/lung/results.json
  wrote LaTeX table → binn/artifacts/lung/tex/05_metrics.tex
  saved pathway importance → binn/artifacts/lung/importance.npz

[cv] seed=3  binn x lung  done in 6s → results_cv/seed3/binn__lung.json
[cv] seed=3  graphpath x lung  → starting
cohort           : lung
scores csv       : /work/mech-ai-scratch/tirtho/TherapAgent/Intermediate Dataset/Lung_cancer.csv
mapping csv      : /work/mech-ai-scratch/tirtho/TherapAgent/Final DataSet/Lung_cancer_final.csv
artifacts dir    : /work/mech-ai-scratch/tirtho/TherapAgent/graphpath/artifacts/lung
PHASE 1: Environment
  Python     : 3.11.11
  numpy      : 2.4.4
  pandas     : 3.0.3
  scipy      : 1.17.1
  sklearn    : 1.8.0
  torch      : 2.4.1+cu118
  wrote LaTeX table → graphpath/artifacts/lung/tex/01_environment.tex

PHASE 2: Reactome pathway-pathway adjacency
  pathway rows in scores CSV     : 1706
  matched pathways               : 1686 (missing 20)
  undirected edges               : 4672
  degree min/mean/max            : 0 / 5.54 / 29
  siblings included              : True
  saved checkpoint → graphpath/artifacts/lung/reactome.pkl
  wrote LaTeX table → graphpath/artifacts/lung/tex/02_pathway_graph.tex

PHASE 3: Data preparation
  scores.csv samples             : 1129
  mapping.csv labeled samples    : 970
  intersection (used by model)   : 970
  X shape                        : (970, 1686)
  Y shape                        : (970, 3)
  split (n)                      : train=776 val=97 test=97
  pos weights                    : TMT=2.12, RT=6.68, OS=0.13
  wrote LaTeX tables → graphpath/artifacts/lung/tex/

PHASE 4: Training
  device                         : cuda
  pathways                       : 1686
  trainable params               : 125,894
  ep   1 *  train 0.7806  val 0.7355  lr 5.0e-02
  ep   5    train 2.4913  val 1.4808  lr 5.0e-02
  ep   7 *  train 0.7828  val 0.7338  lr 5.0e-02
  ep  10    train 1.1430  val 1.2096  lr 5.0e-02
  ep  11 *  train 1.6409  val 0.7275  lr 5.0e-02
  ep  15    train 5.0623  val 11.8044  lr 5.0e-02
  ep  20    train 4.6116  val 1.6084  lr 2.5e-02
  ep  25    train 0.7694  val 0.7277  lr 2.5e-02
  ep  30    train 0.7738  val 0.7373  lr 1.3e-02
  ep  35    train 0.7694  val 0.7307  lr 1.3e-02
  early stop @ epoch 36
  saved checkpoint → graphpath/artifacts/lung/graphpath.pt
  wrote LaTeX table → graphpath/artifacts/lung/tex/04_training_summary.tex

PHASE 5: Evaluation

  === VAL ===
  head    thr   AUROC   AUPRC      F1     Acc    TN   FP   FN   TP    n+   n-
  TMT    0.49   0.500   0.361   0.530   0.361     0   62    0   35    35   62
  RT     0.41   0.500   0.103   0.187   0.103     0   87    0   10    10   87
  OS     0.52   0.500   0.948   0.974   0.948     0    5    0   92    92    5

  === TEST ===
  head    thr   AUROC   AUPRC      F1     Acc    TN   FP   FN   TP    n+   n-
  TMT    0.49   0.500   0.278   0.435   0.278     0   70    0   27    27   70
  RT     0.41   0.500   0.134   0.236   0.134     0   84    0   13    13   84
  OS     0.52   0.500   0.866   0.928   0.866     0   13    0   84    84   13
  saved results → graphpath/artifacts/lung/results.json
  wrote LaTeX table → graphpath/artifacts/lung/tex/05_metrics.tex
  saved pathway importance → graphpath/artifacts/lung/importance.npz

[cv] seed=3  graphpath x lung  done in 38s → results_cv/seed3/graphpath__lung.json
[cv] seed=3  path x lung  → starting
cohort           : lung
scores csv       : /work/mech-ai-scratch/tirtho/TherapAgent/Intermediate Dataset/Lung_cancer.csv
mapping csv      : /work/mech-ai-scratch/tirtho/TherapAgent/Final DataSet/Lung_cancer_final.csv
artifacts dir    : /work/mech-ai-scratch/tirtho/TherapAgent/path/artifacts/lung
PHASE 1: Environment
  Python     : 3.11.11
  numpy      : 2.4.4
  pandas     : 3.0.3
  scipy      : 1.17.1
  sklearn    : 1.8.0
  torch      : 2.4.1+cu118
  wrote LaTeX table → path/artifacts/lung/tex/01_environment.tex

PHASE 2: Reactome Jaccard adjacency
  pathway rows in scores CSV     : 1706
  matched pathways               : 1431 (missing 275)
  undirected edges               : 243210
  max Jaccard (after norm)       : 1.000
  median pathway gene-set size   : 42
  degree min/mean/max            : 7 / 339.9 / 1270
  saved checkpoint → path/artifacts/lung/reactome.pkl
  wrote LaTeX table → path/artifacts/lung/tex/02_pathway_graph.tex

PHASE 3: Data preparation
  scores.csv samples             : 1129
  mapping.csv labeled samples    : 970
  intersection (used by model)   : 970
  X shape                        : (970, 1431)
  Y shape                        : (970, 3)
  split (n)                      : train=776 val=97 test=97
  pos weights                    : TMT=2.12, RT=6.68, OS=0.13
  wrote LaTeX tables → path/artifacts/lung/tex/

PHASE 4: Training
  device                         : cuda
  pathways                       : 1431
  transformer layers / heads     : 2 / 4
  trainable params               : 4,295,292
  ep   1 *  train 0.8096  val 0.7398  lr 1.0e-04
  ep   3 *  train 0.7840  val 0.7272  lr 1.0e-04
  ep   4 *  train 0.7837  val 0.7270  lr 1.0e-04
  ep   5    train 0.7757  val 0.7387  lr 1.0e-04
  ep  10    train 0.7677  val 0.7486  lr 1.0e-04
  ep  15    train 0.7262  val 0.7679  lr 5.0e-05
  ep  20    train 0.6602  val 0.7995  lr 5.0e-05
  ep  25    train 0.6197  val 0.8272  lr 5.0e-05
  ep  30    train 0.6033  val 0.8850  lr 2.5e-05
  ep  35    train 0.5882  val 0.8698  lr 2.5e-05
  ep  40    train 0.5708  val 0.8854  lr 1.3e-05
  ep  45    train 0.5627  val 0.8799  lr 1.3e-05
  early stop @ epoch 49
  saved checkpoint → path/artifacts/lung/path.pt
  wrote LaTeX table → path/artifacts/lung/tex/04_training_summary.tex

PHASE 5: Evaluation

  === VAL ===
  head    thr   AUROC   AUPRC      F1     Acc    TN   FP   FN   TP    n+   n-
  TMT    0.39   0.522   0.453   0.534   0.443    12   50    4   31    35   62
  RT     0.45   0.611   0.244   0.267   0.546    45   42    2    8    10   87
  OS     0.40   0.487   0.954   0.974   0.948     0    5    0   92    92    5

  === TEST ===
  head    thr   AUROC   AUPRC      F1     Acc    TN   FP   FN   TP    n+   n-
  TMT    0.39   0.472   0.270   0.362   0.309    11   59    8   19    27   70
  RT     0.45   0.524   0.149   0.281   0.577    48   36    5    8    13   84
  OS     0.40   0.518   0.867   0.927   0.866     2   11    2   82    84   13
  saved results → path/artifacts/lung/results.json
  wrote LaTeX table → path/artifacts/lung/tex/05_metrics.tex
  saved pathway importance → path/artifacts/lung/importance.npz

[cv] seed=3  path x lung  done in 119s → results_cv/seed3/path__lung.json
[cv] seed=3  binn x prostate  → starting
cohort           : prostate
scores csv       : /work/mech-ai-scratch/tirtho/TherapAgent/Intermediate Dataset/Prostate_cancer.csv
mapping csv      : /work/mech-ai-scratch/tirtho/TherapAgent/Final DataSet/Prostate_cancer_final.csv
artifacts dir    : /work/mech-ai-scratch/tirtho/TherapAgent/binn/artifacts/prostate
PHASE 1: Environment
  Python     : 3.11.11
  numpy      : 2.4.4
  pandas     : 3.0.3
  scipy      : 1.17.1
  sklearn    : 1.8.0
  torch      : 2.4.1+cu118
  joblib     : 1.5.3
  wrote LaTeX table → binn/artifacts/prostate/tex/01_environment.tex

PHASE 2: Reactome hierarchy
  pathway rows in scores CSV     : 1706
  matched pathway nodes          : 1686 / 1706 (20 missing)
  layer 0                       : 1686 nodes
  layer 1                       : 656 nodes
  layer 2                       : 306 nodes
  layer 3                       : 163 nodes
  mask  0→1                  : (656, 1686) (active edges=1719)
  mask  1→2                  : (306, 656) (active edges=679)
  mask  2→3                  : (163, 306) (active edges=317)
  saved checkpoint → binn/artifacts/prostate/reactome.pkl
  wrote LaTeX table → binn/artifacts/prostate/tex/02_reactome_layers.tex

PHASE 3: Data preparation
  scores.csv samples             : 550
  scores.csv pathways            : 1706
  mapping.csv labeled samples    : 496
  intersection (used by model)   : 496
  X shape                        : (496, 1686)
  Y shape                        : (496, 3)
  split (n)                      : train=396  val=50  test=50
  pos weights (train)            : TMT=7.80, RT=6.92, OS=0.10
  saved checkpoint → binn/artifacts/prostate/splits.npz
  wrote LaTeX tables → binn/artifacts/prostate/tex/

PHASE 4: Training
  device                         : cuda
  layer sizes                    : [1686, 656, 306, 163]
  active params                  : 14,535
  ep   1 *  train 0.8004  val 0.8377  lr 1.0e-03
  ep   2 *  train 0.6833  val 0.8111  lr 1.0e-03
  ep   3 *  train 0.6380  val 0.8065  lr 1.0e-03
  ep   4 *  train 0.6284  val 0.7926  lr 1.0e-03
  ep   5 *  train 0.6007  val 0.7825  lr 1.0e-03
  ep   6 *  train 0.5749  val 0.7628  lr 1.0e-03
  ep   9 *  train 0.5150  val 0.7579  lr 1.0e-03
  ep  10    train 0.4984  val 0.7641  lr 1.0e-03
  ep  13 *  train 0.4740  val 0.7489  lr 1.0e-03
  ep  15    train 0.4527  val 0.7672  lr 1.0e-03
  ep  20    train 0.3932  val 0.8233  lr 1.0e-03
  ep  25    train 0.3849  val 0.8120  lr 5.0e-04
  ep  30    train 0.3508  val 0.8138  lr 2.5e-04
  early stop @ epoch 33
  saved checkpoint → binn/artifacts/prostate/binn.pt
  wrote LaTeX table → binn/artifacts/prostate/tex/04_training_summary.tex

PHASE 5: Evaluation

  === VAL ===
  head    thr   AUROC   AUPRC      F1     Acc    TN   FP   FN   TP    n+   n-
  TMT    0.84   0.801   0.440   0.545   0.900    42    1    4    3     7   43
  RT     0.68   0.748   0.316   0.600   0.840    36    7    1    6     7   43
  OS     0.31   0.844   0.989   0.969   0.940     0    3    0   47    47    3

  === TEST ===
  head    thr   AUROC   AUPRC      F1     Acc    TN   FP   FN   TP    n+   n-
  TMT    0.84   0.688   0.110   0.000   0.940    47    1    2    0     2   48
  RT     0.68   0.446   0.100   0.000   0.800    40    6    4    0     4   46
  OS     0.31   0.573   0.978   0.980   0.960     0    2    0   48    48    2
  saved results → binn/artifacts/prostate/results.json
  wrote LaTeX table → binn/artifacts/prostate/tex/05_metrics.tex
  saved pathway importance → binn/artifacts/prostate/importance.npz

[cv] seed=3  binn x prostate  done in 6s → results_cv/seed3/binn__prostate.json
[cv] seed=3  graphpath x prostate  → starting
cohort           : prostate
scores csv       : /work/mech-ai-scratch/tirtho/TherapAgent/Intermediate Dataset/Prostate_cancer.csv
mapping csv      : /work/mech-ai-scratch/tirtho/TherapAgent/Final DataSet/Prostate_cancer_final.csv
artifacts dir    : /work/mech-ai-scratch/tirtho/TherapAgent/graphpath/artifacts/prostate
PHASE 1: Environment
  Python     : 3.11.11
  numpy      : 2.4.4
  pandas     : 3.0.3
  scipy      : 1.17.1
  sklearn    : 1.8.0
  torch      : 2.4.1+cu118
  wrote LaTeX table → graphpath/artifacts/prostate/tex/01_environment.tex

PHASE 2: Reactome pathway-pathway adjacency
  pathway rows in scores CSV     : 1706
  matched pathways               : 1686 (missing 20)
  undirected edges               : 4672
  degree min/mean/max            : 0 / 5.54 / 29
  siblings included              : True
  saved checkpoint → graphpath/artifacts/prostate/reactome.pkl
  wrote LaTeX table → graphpath/artifacts/prostate/tex/02_pathway_graph.tex

PHASE 3: Data preparation
  scores.csv samples             : 550
  mapping.csv labeled samples    : 496
  intersection (used by model)   : 496
  X shape                        : (496, 1686)
  Y shape                        : (496, 3)
  split (n)                      : train=396 val=50 test=50
  pos weights                    : TMT=7.80, RT=6.92, OS=0.10
  wrote LaTeX tables → graphpath/artifacts/prostate/tex/

PHASE 4: Training
  device                         : cuda
  pathways                       : 1686
  trainable params               : 125,894
  ep   1 *  train 0.8287  val 0.8175  lr 5.0e-02
  ep   5    train 1.5049  val 1.2266  lr 5.0e-02
  ep  10    train 3.0412  val 2.7516  lr 2.5e-02
  ep  14 *  train 0.6936  val 0.8089  lr 2.5e-02
  ep  15    train 0.6954  val 0.8623  lr 2.5e-02
  ep  20    train 0.5513  val 0.8288  lr 2.5e-02
  ep  23 *  train 0.5523  val 0.8048  lr 2.5e-02
  ep  25    train 0.5240  val 0.9525  lr 2.5e-02
  ep  30    train 0.5086  val 0.9201  lr 2.5e-02
  ep  35    train 0.5093  val 0.8558  lr 1.3e-02
  ep  37 *  train 0.5094  val 0.8009  lr 1.3e-02
  ep  39 *  train 0.4922  val 0.7880  lr 1.3e-02
  ep  40    train 0.4767  val 0.8723  lr 1.3e-02
  ep  45    train 0.4423  val 0.8769  lr 1.3e-02
  ep  50    train 0.4399  val 0.8599  lr 6.3e-03
  ep  55    train 0.4156  val 0.8841  lr 6.3e-03
  ep  60    train 0.3785  val 0.8939  lr 3.1e-03
  early stop @ epoch 64
  saved checkpoint → graphpath/artifacts/prostate/graphpath.pt
  wrote LaTeX table → graphpath/artifacts/prostate/tex/04_training_summary.tex

PHASE 5: Evaluation

  === VAL ===
  head    thr   AUROC   AUPRC      F1     Acc    TN   FP   FN   TP    n+   n-
  TMT    0.63   0.797   0.354   0.500   0.760    32   11    1    6     7   43
  RT     0.72   0.741   0.311   0.500   0.800    35    8    2    5     7   43
  OS     0.25   0.674   0.973   0.969   0.940     0    3    0   47    47    3

  === TEST ===
  head    thr   AUROC   AUPRC      F1     Acc    TN   FP   FN   TP    n+   n-
  TMT    0.63   0.781   0.543   0.182   0.820    40    8    1    1     2   48
  RT     0.72   0.370   0.091   0.000   0.780    39    7    4    0     4   46
  OS     0.25   0.688   0.982   0.980   0.960     0    2    0   48    48    2
  saved results → graphpath/artifacts/prostate/results.json
  wrote LaTeX table → graphpath/artifacts/prostate/tex/05_metrics.tex
  saved pathway importance → graphpath/artifacts/prostate/importance.npz

[cv] seed=3  graphpath x prostate  done in 35s → results_cv/seed3/graphpath__prostate.json
[cv] seed=3  path x prostate  → starting
cohort           : prostate
scores csv       : /work/mech-ai-scratch/tirtho/TherapAgent/Intermediate Dataset/Prostate_cancer.csv
mapping csv      : /work/mech-ai-scratch/tirtho/TherapAgent/Final DataSet/Prostate_cancer_final.csv
artifacts dir    : /work/mech-ai-scratch/tirtho/TherapAgent/path/artifacts/prostate
PHASE 1: Environment
  Python     : 3.11.11
  numpy      : 2.4.4
  pandas     : 3.0.3
  scipy      : 1.17.1
  sklearn    : 1.8.0
  torch      : 2.4.1+cu118
  wrote LaTeX table → path/artifacts/prostate/tex/01_environment.tex

PHASE 2: Reactome Jaccard adjacency
  pathway rows in scores CSV     : 1706
  matched pathways               : 1431 (missing 275)
  undirected edges               : 243210
  max Jaccard (after norm)       : 1.000
  median pathway gene-set size   : 42
  degree min/mean/max            : 7 / 339.9 / 1270
  saved checkpoint → path/artifacts/prostate/reactome.pkl
  wrote LaTeX table → path/artifacts/prostate/tex/02_pathway_graph.tex

PHASE 3: Data preparation
  scores.csv samples             : 550
  mapping.csv labeled samples    : 496
  intersection (used by model)   : 496
  X shape                        : (496, 1431)
  Y shape                        : (496, 3)
  split (n)                      : train=396 val=50 test=50
  pos weights                    : TMT=7.80, RT=6.92, OS=0.10
  wrote LaTeX tables → path/artifacts/prostate/tex/

PHASE 4: Training
  device                         : cuda
  pathways                       : 1431
  transformer layers / heads     : 2 / 4
  trainable params               : 4,295,292
  ep   1 *  train 0.8604  val 0.9312  lr 1.0e-04
  ep   2 *  train 0.8312  val 0.9117  lr 1.0e-04
  ep   3 *  train 0.8074  val 0.8589  lr 1.0e-04
  ep   4 *  train 0.7975  val 0.8483  lr 1.0e-04
  ep   5    train 0.7884  val 0.8613  lr 1.0e-04
  ep  10 *  train 0.7390  val 0.8150  lr 1.0e-04
  ep  11 *  train 0.7261  val 0.8086  lr 1.0e-04
  ep  13 *  train 0.7161  val 0.7872  lr 1.0e-04
  ep  15 *  train 0.7086  val 0.7864  lr 1.0e-04
  ep  20    train 0.6183  val 0.8076  lr 1.0e-04
  ep  24 *  train 0.5676  val 0.7743  lr 1.0e-04
  ep  25    train 0.5542  val 0.7931  lr 1.0e-04
  ep  27 *  train 0.5309  val 0.7655  lr 1.0e-04
  ep  30    train 0.5039  val 0.7923  lr 1.0e-04
  ep  35    train 0.4205  val 1.0345  lr 1.0e-04
  ep  39 *  train 0.3715  val 0.7654  lr 5.0e-05
  ep  40    train 0.3795  val 0.7723  lr 5.0e-05
  ep  45    train 0.3556  val 0.8318  lr 5.0e-05
  ep  50    train 0.3270  val 0.8041  lr 2.5e-05
  ep  55    train 0.3083  val 0.8113  lr 2.5e-05
  ep  60    train 0.3065  val 0.8240  lr 1.3e-05
  early stop @ epoch 64
  saved checkpoint → path/artifacts/prostate/path.pt
  wrote LaTeX table → path/artifacts/prostate/tex/04_training_summary.tex

PHASE 5: Evaluation

  === VAL ===
  head    thr   AUROC   AUPRC      F1     Acc    TN   FP   FN   TP    n+   n-
  TMT    0.81   0.834   0.652   0.667   0.920    42    1    3    4     7   43
  RT     0.82   0.711   0.556   0.600   0.920    43    0    4    3     7   43
  OS     0.45   0.411   0.939   0.969   0.940     0    3    0   47    47    3

  === TEST ===
  head    thr   AUROC   AUPRC      F1     Acc    TN   FP   FN   TP    n+   n-
  TMT    0.81   0.885   0.333   0.000   0.940    47    1    2    0     2   48
  RT     0.82   0.522   0.179   0.000   0.880    44    2    4    0     4   46
  OS     0.45   0.167   0.922   0.969   0.940     0    2    1   47    48    2
  saved results → path/artifacts/prostate/results.json
  wrote LaTeX table → path/artifacts/prostate/tex/05_metrics.tex
  saved pathway importance → path/artifacts/prostate/importance.npz

[cv] seed=3  path x prostate  done in 81s → results_cv/seed3/path__prostate.json
[cv] seed=3  binn x head_neck  → starting
cohort           : head_neck
scores csv       : /work/mech-ai-scratch/tirtho/TherapAgent/Intermediate Dataset/Head_Neck_Cancer.csv
mapping csv      : /work/mech-ai-scratch/tirtho/TherapAgent/Final DataSet/Head_Neck_Cancer_Final.csv
artifacts dir    : /work/mech-ai-scratch/tirtho/TherapAgent/binn/artifacts/head_neck
PHASE 1: Environment
  Python     : 3.11.11
  numpy      : 2.4.4
  pandas     : 3.0.3
  scipy      : 1.17.1
  sklearn    : 1.8.0
  torch      : 2.4.1+cu118
  joblib     : 1.5.3
  wrote LaTeX table → binn/artifacts/head_neck/tex/01_environment.tex

PHASE 2: Reactome hierarchy
  pathway rows in scores CSV     : 1706
  matched pathway nodes          : 1686 / 1706 (20 missing)
  layer 0                       : 1686 nodes
  layer 1                       : 656 nodes
  layer 2                       : 306 nodes
  layer 3                       : 163 nodes
  mask  0→1                  : (656, 1686) (active edges=1719)
  mask  1→2                  : (306, 656) (active edges=679)
  mask  2→3                  : (163, 306) (active edges=317)
  saved checkpoint → binn/artifacts/head_neck/reactome.pkl
  wrote LaTeX table → binn/artifacts/head_neck/tex/02_reactome_layers.tex

PHASE 3: Data preparation
  scores.csv samples             : 566
  scores.csv pathways            : 1706
  mapping.csv labeled samples    : 429
  intersection (used by model)   : 429
  X shape                        : (429, 1686)
  Y shape                        : (429, 3)
  split (n)                      : train=343  val=43  test=43
  pos weights (train)            : TMT=1.79, RT=0.53, OS=0.10
  saved checkpoint → binn/artifacts/head_neck/splits.npz
  wrote LaTeX tables → binn/artifacts/head_neck/tex/

PHASE 4: Training
  device                         : cuda
  layer sizes                    : [1686, 656, 306, 163]
  active params                  : 14,535
  ep   1 *  train 0.5080  val 0.4955  lr 1.0e-03
  ep   5    train 0.4219  val 0.4969  lr 1.0e-03
  ep  10    train 0.3827  val 0.5089  lr 5.0e-04
  ep  15    train 0.3646  val 0.5166  lr 5.0e-04
  ep  20    train 0.3584  val 0.5049  lr 2.5e-04
  early stop @ epoch 21
  saved checkpoint → binn/artifacts/head_neck/binn.pt
  wrote LaTeX table → binn/artifacts/head_neck/tex/04_training_summary.tex

PHASE 5: Evaluation

  === VAL ===
  head    thr   AUROC   AUPRC      F1     Acc    TN   FP   FN   TP    n+   n-
  TMT    0.38   0.446   0.272   0.444   0.302     1   30    0   12    12   31
  RT     0.40   0.386   0.493   0.716   0.558     0   19    0   24    24   19
  OS     0.40   0.762   0.994   0.988   0.977     0    1    0   42    42    1

  === TEST ===
  head    thr   AUROC   AUPRC      F1     Acc    TN   FP   FN   TP    n+   n-
  TMT    0.38   0.579   0.470   0.528   0.419     4   24    1   14    15   28
  RT     0.40   0.595   0.699   0.754   0.605     0   17    0   26    26   17
  OS     0.40   0.738   0.993   0.988   0.977     0    1    0   42    42    1
  saved results → binn/artifacts/head_neck/results.json
  wrote LaTeX table → binn/artifacts/head_neck/tex/05_metrics.tex
  saved pathway importance → binn/artifacts/head_neck/importance.npz

[cv] seed=3  binn x head_neck  done in 5s → results_cv/seed3/binn__head_neck.json
[cv] seed=3  graphpath x head_neck  → starting
cohort           : head_neck
scores csv       : /work/mech-ai-scratch/tirtho/TherapAgent/Intermediate Dataset/Head_Neck_Cancer.csv
mapping csv      : /work/mech-ai-scratch/tirtho/TherapAgent/Final DataSet/Head_Neck_Cancer_Final.csv
artifacts dir    : /work/mech-ai-scratch/tirtho/TherapAgent/graphpath/artifacts/head_neck
PHASE 1: Environment
  Python     : 3.11.11
  numpy      : 2.4.4
  pandas     : 3.0.3
  scipy      : 1.17.1
  sklearn    : 1.8.0
  torch      : 2.4.1+cu118
  wrote LaTeX table → graphpath/artifacts/head_neck/tex/01_environment.tex

PHASE 2: Reactome pathway-pathway adjacency
  pathway rows in scores CSV     : 1706
  matched pathways               : 1686 (missing 20)
  undirected edges               : 4672
  degree min/mean/max            : 0 / 5.54 / 29
  siblings included              : True
  saved checkpoint → graphpath/artifacts/head_neck/reactome.pkl
  wrote LaTeX table → graphpath/artifacts/head_neck/tex/02_pathway_graph.tex

PHASE 3: Data preparation
  scores.csv samples             : 566
  mapping.csv labeled samples    : 429
  intersection (used by model)   : 429
  X shape                        : (429, 1686)
  Y shape                        : (429, 3)
  split (n)                      : train=343 val=43 test=43
  pos weights                    : TMT=1.79, RT=0.53, OS=0.10
  wrote LaTeX tables → graphpath/artifacts/head_neck/tex/

PHASE 4: Training
  device                         : cuda
  pathways                       : 1686
  trainable params               : 125,894
  ep   1 *  train 0.5009  val 0.4853  lr 5.0e-02
  ep   3 *  train 0.4714  val 0.4847  lr 5.0e-02
  ep   5    train 0.4649  val 0.4901  lr 5.0e-02
  ep  10    train 0.4407  val 0.5183  lr 5.0e-02
  ep  15    train 0.4287  val 0.5724  lr 2.5e-02
  ep  16 *  train 0.4169  val 0.4830  lr 2.5e-02
  ep  20    train 0.4242  val 0.6104  lr 2.5e-02
  ep  21 *  train 0.4326  val 0.4753  lr 2.5e-02
  ep  25    train 0.4238  val 0.5347  lr 2.5e-02
  ep  30    train 0.4182  val 0.5134  lr 1.3e-02
  ep  35    train 0.4030  val 0.4935  lr 1.3e-02
  ep  40    train 0.4029  val 0.5147  lr 6.3e-03
  ep  45    train 0.3978  val 0.5138  lr 6.3e-03
  early stop @ epoch 46
  saved checkpoint → graphpath/artifacts/head_neck/graphpath.pt
  wrote LaTeX table → graphpath/artifacts/head_neck/tex/04_training_summary.tex

PHASE 5: Evaluation

  === VAL ===
  head    thr   AUROC   AUPRC      F1     Acc    TN   FP   FN   TP    n+   n-
  TMT    0.46   0.624   0.443   0.514   0.605    17   14    3    9    12   31
  RT     0.37   0.579   0.581   0.762   0.651     4   15    0   24    24   19
  OS     0.29   0.929   0.998   0.988   0.977     0    1    0   42    42    1

  === TEST ===
  head    thr   AUROC   AUPRC      F1     Acc    TN   FP   FN   TP    n+   n-
  TMT    0.46   0.517   0.436   0.476   0.488    11   17    5   10    15   28
  RT     0.37   0.525   0.662   0.738   0.605     2   15    2   24    26   17
  OS     0.29   0.881   0.997   0.988   0.977     0    1    0   42    42    1
  saved results → graphpath/artifacts/head_neck/results.json
  wrote LaTeX table → graphpath/artifacts/head_neck/tex/05_metrics.tex
  saved pathway importance → graphpath/artifacts/head_neck/importance.npz

[cv] seed=3  graphpath x head_neck  done in 23s → results_cv/seed3/graphpath__head_neck.json
[cv] seed=3  path x head_neck  → starting
cohort           : head_neck
scores csv       : /work/mech-ai-scratch/tirtho/TherapAgent/Intermediate Dataset/Head_Neck_Cancer.csv
mapping csv      : /work/mech-ai-scratch/tirtho/TherapAgent/Final DataSet/Head_Neck_Cancer_Final.csv
artifacts dir    : /work/mech-ai-scratch/tirtho/TherapAgent/path/artifacts/head_neck
PHASE 1: Environment
  Python     : 3.11.11
  numpy      : 2.4.4
  pandas     : 3.0.3
  scipy      : 1.17.1
  sklearn    : 1.8.0
  torch      : 2.4.1+cu118
  wrote LaTeX table → path/artifacts/head_neck/tex/01_environment.tex

PHASE 2: Reactome Jaccard adjacency
  pathway rows in scores CSV     : 1706
  matched pathways               : 1431 (missing 275)
  undirected edges               : 243210
  max Jaccard (after norm)       : 1.000
  median pathway gene-set size   : 42
  degree min/mean/max            : 7 / 339.9 / 1270
  saved checkpoint → path/artifacts/head_neck/reactome.pkl
  wrote LaTeX table → path/artifacts/head_neck/tex/02_pathway_graph.tex

PHASE 3: Data preparation
  scores.csv samples             : 566
  mapping.csv labeled samples    : 429
  intersection (used by model)   : 429
  X shape                        : (429, 1431)
  Y shape                        : (429, 3)
  split (n)                      : train=343 val=43 test=43
  pos weights                    : TMT=1.79, RT=0.53, OS=0.10
  wrote LaTeX tables → path/artifacts/head_neck/tex/

PHASE 4: Training
  device                         : cuda
  pathways                       : 1431
  transformer layers / heads     : 2 / 4
  trainable params               : 4,295,292
  ep   1 *  train 0.5144  val 0.4779  lr 1.0e-04
  ep   2 *  train 0.5105  val 0.4718  lr 1.0e-04
  ep   5 *  train 0.5019  val 0.4705  lr 1.0e-04
  ep  10    train 0.4938  val 0.4755  lr 1.0e-04
  ep  15    train 0.4828  val 0.4796  lr 1.0e-04
  ep  20    train 0.4783  val 0.4822  lr 5.0e-05
  ep  25    train 0.4694  val 0.4845  lr 5.0e-05
  ep  30    train 0.4545  val 0.5041  lr 2.5e-05
  ep  35    train 0.4451  val 0.5065  lr 2.5e-05
  ep  40    train 0.4254  val 0.5047  lr 1.3e-05
  ep  45    train 0.4301  val 0.5103  lr 1.3e-05
  early stop @ epoch 49
  saved checkpoint → path/artifacts/head_neck/path.pt
  wrote LaTeX table → path/artifacts/head_neck/tex/04_training_summary.tex

PHASE 5: Evaluation

  === VAL ===
  head    thr   AUROC   AUPRC      F1     Acc    TN   FP   FN   TP    n+   n-
  TMT    0.33   0.583   0.343   0.476   0.488    11   20    2   10    12   31
  RT     0.36   0.469   0.593   0.719   0.581     2   17    1   23    24   19
  OS     0.34   0.500   0.984   0.988   0.977     0    1    0   42    42    1

  === TEST ===
  head    thr   AUROC   AUPRC      F1     Acc    TN   FP   FN   TP    n+   n-
  TMT    0.33   0.495   0.452   0.458   0.395     6   22    4   11    15   28
  RT     0.36   0.514   0.584   0.719   0.581     2   15    3   23    26   17
  OS     0.34   0.952   0.999   0.988   0.977     0    1    0   42    42    1
  saved results → path/artifacts/head_neck/results.json
  wrote LaTeX table → path/artifacts/head_neck/tex/05_metrics.tex
  saved pathway importance → path/artifacts/head_neck/importance.npz

[cv] seed=3  path x head_neck  done in 56s → results_cv/seed3/path__head_neck.json
[cv] seed=3  binn x thyroid  → starting
cohort           : thyroid
scores csv       : /work/mech-ai-scratch/tirtho/TherapAgent/Intermediate Dataset/Thyroid_Cancer.csv
mapping csv      : /work/mech-ai-scratch/tirtho/TherapAgent/Final DataSet/Thyroid_Cancer_Final.csv
artifacts dir    : /work/mech-ai-scratch/tirtho/TherapAgent/binn/artifacts/thyroid
PHASE 1: Environment
  Python     : 3.11.11
  numpy      : 2.4.4
  pandas     : 3.0.3
  scipy      : 1.17.1
  sklearn    : 1.8.0
  torch      : 2.4.1+cu118
  joblib     : 1.5.3
  wrote LaTeX table → binn/artifacts/thyroid/tex/01_environment.tex

PHASE 2: Reactome hierarchy
  pathway rows in scores CSV     : 1706
  matched pathway nodes          : 1686 / 1706 (20 missing)
  layer 0                       : 1686 nodes
  layer 1                       : 656 nodes
  layer 2                       : 306 nodes
  layer 3                       : 163 nodes
  mask  0→1                  : (656, 1686) (active edges=1719)
  mask  1→2                  : (306, 656) (active edges=679)
  mask  2→3                  : (163, 306) (active edges=317)
  saved checkpoint → binn/artifacts/thyroid/reactome.pkl
  wrote LaTeX table → binn/artifacts/thyroid/tex/02_reactome_layers.tex

PHASE 3: Data preparation
  scores.csv samples             : 572
  scores.csv pathways            : 1706
  mapping.csv labeled samples    : 109
  intersection (used by model)   : 109
  X shape                        : (109, 1686)
  Y shape                        : (109, 3)
  split (n)                      : train=87  val=11  test=11
  pos weights (train)            : TMT=13.50, RT=0.78, OS=0.10
  saved checkpoint → binn/artifacts/thyroid/splits.npz
  wrote LaTeX tables → binn/artifacts/thyroid/tex/

PHASE 4: Training
  device                         : cuda
  layer sizes                    : [1686, 656, 306, 163]
  active params                  : 14,535
  ep   1 *  train 0.7025  val 0.6539  lr 1.0e-03
  ep   2 *  train 0.5990  val 0.6513  lr 1.0e-03
  ep   5    train 0.5301  val 0.6585  lr 1.0e-03
  ep  10    train 0.4669  val 0.6634  lr 5.0e-04
  ep  14 *  train 0.4187  val 0.6511  lr 5.0e-04
  ep  15 *  train 0.4198  val 0.6472  lr 5.0e-04
  ep  16 *  train 0.4204  val 0.6440  lr 5.0e-04
  ep  17 *  train 0.4084  val 0.6361  lr 5.0e-04
  ep  18 *  train 0.4118  val 0.6299  lr 5.0e-04
  ep  19 *  train 0.3994  val 0.6236  lr 5.0e-04
  ep  20 *  train 0.3974  val 0.6162  lr 5.0e-04
  ep  21 *  train 0.3929  val 0.6085  lr 5.0e-04
  ep  22 *  train 0.3900  val 0.6019  lr 5.0e-04
  ep  23 *  train 0.3892  val 0.5916  lr 5.0e-04
  ep  24 *  train 0.3799  val 0.5817  lr 5.0e-04
  ep  25 *  train 0.3811  val 0.5782  lr 5.0e-04
  ep  26 *  train 0.3715  val 0.5703  lr 5.0e-04
  ep  27 *  train 0.3838  val 0.5666  lr 5.0e-04
  ep  30    train 0.3553  val 0.5670  lr 5.0e-04
  ep  32 *  train 0.3509  val 0.5620  lr 5.0e-04
  ep  33 *  train 0.3500  val 0.5557  lr 5.0e-04
  ep  34 *  train 0.3623  val 0.5442  lr 5.0e-04
  ep  35    train 0.3443  val 0.5486  lr 5.0e-04
  ep  36 *  train 0.3330  val 0.5441  lr 5.0e-04
  ep  37 *  train 0.3237  val 0.5406  lr 5.0e-04
  ep  40    train 0.3109  val 0.5461  lr 5.0e-04
  ep  42 *  train 0.3168  val 0.5360  lr 5.0e-04
  ep  43 *  train 0.3094  val 0.5312  lr 5.0e-04
  ep  44 *  train 0.3044  val 0.5312  lr 5.0e-04
  ep  45    train 0.3011  val 0.5352  lr 5.0e-04
  ep  50    train 0.2831  val 0.5435  lr 5.0e-04
  ep  55    train 0.2794  val 0.5505  lr 2.5e-04
  ep  60    train 0.2742  val 0.5439  lr 1.3e-04
  early stop @ epoch 64
  saved checkpoint → binn/artifacts/thyroid/binn.pt
  wrote LaTeX table → binn/artifacts/thyroid/tex/04_training_summary.tex

PHASE 5: Evaluation

  === VAL ===
  head    thr   AUROC   AUPRC      F1     Acc    TN   FP   FN   TP    n+   n-
  TMT    0.71   1.000   1.000   1.000   1.000    10    0    0    1     1   10
  RT     0.27   0.467   0.684   0.706   0.545     0    5    0    6     6    5
  OS     0.50     nan     nan   0.900   0.818     0    0    2    9    11    0

  === TEST ===
  head    thr   AUROC   AUPRC      F1     Acc    TN   FP   FN   TP    n+   n-
  TMT    0.71     nan     nan   0.000   1.000    11    0    0    0     0   11
  RT     0.27   0.500   0.585   0.667   0.545     1    4    1    5     6    5
  OS     0.50     nan     nan   0.900   0.818     0    0    2    9    11    0
  saved results → binn/artifacts/thyroid/results.json
  wrote LaTeX table → binn/artifacts/thyroid/tex/05_metrics.tex
  saved pathway importance → binn/artifacts/thyroid/importance.npz

[cv] seed=3  binn x thyroid  done in 5s → results_cv/seed3/binn__thyroid.json
[cv] seed=3  graphpath x thyroid  → starting
cohort           : thyroid
scores csv       : /work/mech-ai-scratch/tirtho/TherapAgent/Intermediate Dataset/Thyroid_Cancer.csv
mapping csv      : /work/mech-ai-scratch/tirtho/TherapAgent/Final DataSet/Thyroid_Cancer_Final.csv
artifacts dir    : /work/mech-ai-scratch/tirtho/TherapAgent/graphpath/artifacts/thyroid
PHASE 1: Environment
  Python     : 3.11.11
  numpy      : 2.4.4
  pandas     : 3.0.3
  scipy      : 1.17.1
  sklearn    : 1.8.0
  torch      : 2.4.1+cu118
  wrote LaTeX table → graphpath/artifacts/thyroid/tex/01_environment.tex

PHASE 2: Reactome pathway-pathway adjacency
  pathway rows in scores CSV     : 1706
  matched pathways               : 1686 (missing 20)
  undirected edges               : 4672
  degree min/mean/max            : 0 / 5.54 / 29
  siblings included              : True
  saved checkpoint → graphpath/artifacts/thyroid/reactome.pkl
  wrote LaTeX table → graphpath/artifacts/thyroid/tex/02_pathway_graph.tex

PHASE 3: Data preparation
  scores.csv samples             : 572
  mapping.csv labeled samples    : 109
  intersection (used by model)   : 109
  X shape                        : (109, 1686)
  Y shape                        : (109, 3)
  split (n)                      : train=87 val=11 test=11
  pos weights                    : TMT=13.50, RT=0.78, OS=0.10
  wrote LaTeX tables → graphpath/artifacts/thyroid/tex/

PHASE 4: Training
  device                         : cuda
  pathways                       : 1686
  trainable params               : 125,894
  ep   1 *  train 0.6603  val 0.7159  lr 5.0e-02
  ep   3 *  train 0.6331  val 0.5979  lr 5.0e-02
  ep   5    train 0.5858  val 0.8729  lr 5.0e-02
  ep   6 *  train 0.4654  val 0.5963  lr 5.0e-02
  ep   7 *  train 0.4744  val 0.5844  lr 5.0e-02
  ep  10    train 0.3970  val 0.7384  lr 5.0e-02
  ep  13 *  train 0.2423  val 0.5450  lr 5.0e-02
  ep  15    train 0.3561  val 0.9197  lr 5.0e-02
  ep  20    train 0.2092  val 1.8665  lr 5.0e-02
  ep  25    train 0.1921  val 0.9261  lr 2.5e-02
  ep  30    train 0.1531  val 1.1916  lr 2.5e-02
  ep  35    train 0.1337  val 1.3064  lr 1.3e-02
  early stop @ epoch 38
  saved checkpoint → graphpath/artifacts/thyroid/graphpath.pt
  wrote LaTeX table → graphpath/artifacts/thyroid/tex/04_training_summary.tex

PHASE 5: Evaluation

  === VAL ===
  head    thr   AUROC   AUPRC      F1     Acc    TN   FP   FN   TP    n+   n-
  TMT    0.64   0.900   0.500   0.667   0.909     9    1    0    1     1   10
  RT     0.25   0.600   0.746   0.750   0.636     1    4    0    6     6    5
  OS     0.50     nan     nan   0.625   0.455     0    0    6    5    11    0

  === TEST ===
  head    thr   AUROC   AUPRC      F1     Acc    TN   FP   FN   TP    n+   n-
  TMT    0.64     nan     nan   0.000   0.818     9    2    0    0     0   11
  RT     0.25   0.667   0.733   0.706   0.545     0    5    0    6     6    5
  OS     0.50     nan     nan   0.706   0.545     0    0    5    6    11    0
  saved results → graphpath/artifacts/thyroid/results.json
  wrote LaTeX table → graphpath/artifacts/thyroid/tex/05_metrics.tex
  saved pathway importance → graphpath/artifacts/thyroid/importance.npz

[cv] seed=3  graphpath x thyroid  done in 8s → results_cv/seed3/graphpath__thyroid.json
[cv] seed=3  path x thyroid  → starting
cohort           : thyroid
scores csv       : /work/mech-ai-scratch/tirtho/TherapAgent/Intermediate Dataset/Thyroid_Cancer.csv
mapping csv      : /work/mech-ai-scratch/tirtho/TherapAgent/Final DataSet/Thyroid_Cancer_Final.csv
artifacts dir    : /work/mech-ai-scratch/tirtho/TherapAgent/path/artifacts/thyroid
PHASE 1: Environment
  Python     : 3.11.11
  numpy      : 2.4.4
  pandas     : 3.0.3
  scipy      : 1.17.1
  sklearn    : 1.8.0
  torch      : 2.4.1+cu118
  wrote LaTeX table → path/artifacts/thyroid/tex/01_environment.tex

PHASE 2: Reactome Jaccard adjacency
  pathway rows in scores CSV     : 1706
  matched pathways               : 1431 (missing 275)
  undirected edges               : 243210
  max Jaccard (after norm)       : 1.000
  median pathway gene-set size   : 42
  degree min/mean/max            : 7 / 339.9 / 1270
  saved checkpoint → path/artifacts/thyroid/reactome.pkl
  wrote LaTeX table → path/artifacts/thyroid/tex/02_pathway_graph.tex

PHASE 3: Data preparation
  scores.csv samples             : 572
  mapping.csv labeled samples    : 109
  intersection (used by model)   : 109
  X shape                        : (109, 1431)
  Y shape                        : (109, 3)
  split (n)                      : train=87 val=11 test=11
  pos weights                    : TMT=13.50, RT=0.78, OS=0.10
  wrote LaTeX tables → path/artifacts/thyroid/tex/

PHASE 4: Training
  device                         : cuda
  pathways                       : 1431
  transformer layers / heads     : 2 / 4
  trainable params               : 4,295,292
  ep   1 *  train 0.6877  val 0.7289  lr 1.0e-04
  ep   5    train 0.6657  val 0.7458  lr 1.0e-04
  ep  10    train 0.6442  val 0.7468  lr 1.0e-04
  ep  15 *  train 0.6326  val 0.7268  lr 5.0e-05
  ep  17 *  train 0.6344  val 0.7248  lr 5.0e-05
  ep  18 *  train 0.6047  val 0.7186  lr 5.0e-05
  ep  19 *  train 0.6105  val 0.7122  lr 5.0e-05
  ep  20 *  train 0.6145  val 0.6998  lr 5.0e-05
  ep  24 *  train 0.6054  val 0.6991  lr 5.0e-05
  ep  25 *  train 0.6133  val 0.6899  lr 5.0e-05
  ep  30    train 0.6470  val 0.6990  lr 5.0e-05
  ep  34 *  train 0.6221  val 0.6712  lr 5.0e-05
  ep  35    train 0.5920  val 0.6716  lr 5.0e-05
  ep  40    train 0.5726  val 0.6994  lr 5.0e-05
  ep  42 *  train 0.6116  val 0.6551  lr 5.0e-05
  ep  43 *  train 0.6012  val 0.6428  lr 5.0e-05
  ep  45    train 0.6078  val 0.6697  lr 5.0e-05
  ep  49 *  train 0.5923  val 0.6377  lr 5.0e-05
  ep  50 *  train 0.5577  val 0.6295  lr 5.0e-05
  ep  51 *  train 0.5779  val 0.6224  lr 5.0e-05
  ep  55 *  train 0.6144  val 0.6205  lr 5.0e-05
  ep  56 *  train 0.5525  val 0.6169  lr 5.0e-05
  ep  59 *  train 0.5793  val 0.5905  lr 5.0e-05
  ep  60 *  train 0.5774  val 0.5647  lr 5.0e-05
  ep  61 *  train 0.5793  val 0.5592  lr 5.0e-05
  ep  65    train 0.5386  val 0.6010  lr 5.0e-05
  ep  70    train 0.5745  val 0.5800  lr 5.0e-05
  ep  75    train 0.5523  val 0.5775  lr 2.5e-05
  ep  76 *  train 0.5305  val 0.5536  lr 2.5e-05
  ep  77 *  train 0.5021  val 0.5394  lr 2.5e-05
  ep  78 *  train 0.5411  val 0.5277  lr 2.5e-05
  ep  79 *  train 0.5329  val 0.5274  lr 2.5e-05
  ep  80 *  train 0.5173  val 0.5263  lr 2.5e-05
  ep  85    train 0.5789  val 0.5447  lr 2.5e-05
  ep  90 *  train 0.5205  val 0.5239  lr 2.5e-05
  ep  91 *  train 0.5160  val 0.5045  lr 2.5e-05
  ep  95    train 0.5061  val 0.5282  lr 2.5e-05
  ep 100    train 0.4973  val 0.5145  lr 2.5e-05
  ep 104 *  train 0.5179  val 0.4981  lr 1.3e-05
  ep 105    train 0.5060  val 0.5013  lr 1.3e-05
  ep 110    train 0.4842  val 0.5023  lr 1.3e-05
  ep 115    train 0.5012  val 0.5020  lr 6.3e-06
  ep 120    train 0.4761  val 0.5111  lr 6.3e-06
  ep 122 *  train 0.5424  val 0.4954  lr 6.3e-06
  ep 123 *  train 0.5003  val 0.4937  lr 6.3e-06
  ep 124 *  train 0.4907  val 0.4930  lr 6.3e-06
  ep 125 *  train 0.4878  val 0.4901  lr 6.3e-06
  ep 130    train 0.4740  val 0.5018  lr 6.3e-06
  ep 132 *  train 0.5011  val 0.4900  lr 6.3e-06
  ep 133 *  train 0.4978  val 0.4877  lr 6.3e-06
  ep 135    train 0.5015  val 0.5030  lr 6.3e-06
  ep 140    train 0.4720  val 0.4963  lr 6.3e-06
  ep 145    train 0.5275  val 0.4985  lr 3.1e-06
  ep 150    train 0.4542  val 0.4979  lr 3.1e-06
  ep 155    train 0.4982  val 0.4963  lr 1.6e-06
  early stop @ epoch 158
  saved checkpoint → path/artifacts/thyroid/path.pt
  wrote LaTeX table → path/artifacts/thyroid/tex/04_training_summary.tex

PHASE 5: Evaluation

  === VAL ===
  head    thr   AUROC   AUPRC      F1     Acc    TN   FP   FN   TP    n+   n-
  TMT    0.74   1.000   1.000   1.000   1.000    10    0    0    1     1   10
  RT     0.47   0.800   0.886   0.800   0.818     5    0    2    4     6    5
  OS     0.50     nan     nan   0.706   0.545     0    0    5    6    11    0

  === TEST ===
  head    thr   AUROC   AUPRC      F1     Acc    TN   FP   FN   TP    n+   n-
  TMT    0.74     nan     nan   0.000   1.000    11    0    0    0     0   11
  RT     0.47   0.400   0.662   0.500   0.636     5    0    4    2     6    5
  OS     0.50     nan     nan   0.842   0.727     0    0    3    8    11    0
  saved results → path/artifacts/thyroid/results.json
  wrote LaTeX table → path/artifacts/thyroid/tex/05_metrics.tex
  saved pathway importance → path/artifacts/thyroid/importance.npz

[cv] seed=3  path x thyroid  done in 47s → results_cv/seed3/path__thyroid.json

[cv] ═══════════════ seed = 4 ═══════════════
[cv] seed=4  binn x breast  → starting
cohort           : breast
scores csv       : /work/mech-ai-scratch/tirtho/TherapAgent/Intermediate Dataset/Breast_cancer.csv
mapping csv      : /work/mech-ai-scratch/tirtho/TherapAgent/Final DataSet/Breast_Cancer_final.csv
artifacts dir    : /work/mech-ai-scratch/tirtho/TherapAgent/binn/artifacts/breast
PHASE 1: Environment
  Python     : 3.11.11
  numpy      : 2.4.4
  pandas     : 3.0.3
  scipy      : 1.17.1
  sklearn    : 1.8.0
  torch      : 2.4.1+cu118
  joblib     : 1.5.3
  wrote LaTeX table → binn/artifacts/breast/tex/01_environment.tex

PHASE 2: Reactome hierarchy
  pathway rows in scores CSV     : 1706
  matched pathway nodes          : 1686 / 1706 (20 missing)
  layer 0                       : 1686 nodes
  layer 1                       : 656 nodes
  layer 2                       : 306 nodes
  layer 3                       : 163 nodes
  mask  0→1                  : (656, 1686) (active edges=1719)
  mask  1→2                  : (306, 656) (active edges=679)
  mask  2→3                  : (163, 306) (active edges=317)
  saved checkpoint → binn/artifacts/breast/reactome.pkl
  wrote LaTeX table → binn/artifacts/breast/tex/02_reactome_layers.tex

PHASE 3: Data preparation
  scores.csv samples             : 1218
  scores.csv pathways            : 1706
  mapping.csv labeled samples    : 618
  intersection (used by model)   : 618
  X shape                        : (618, 1686)
  Y shape                        : (618, 3)
  split (n)                      : train=494  val=62  test=62
  pos weights (train)            : TMT=0.10, RT=0.80, OS=0.33
  saved checkpoint → binn/artifacts/breast/splits.npz
  wrote LaTeX tables → binn/artifacts/breast/tex/

PHASE 4: Training
  device                         : cuda
  layer sizes                    : [1686, 656, 306, 163]
  active params                  : 14,535
  ep   1 *  train 0.3567  val 0.3400  lr 1.0e-03
  ep   2 *  train 0.3328  val 0.3396  lr 1.0e-03
  ep   3 *  train 0.3223  val 0.3341  lr 1.0e-03
  ep   4 *  train 0.3143  val 0.3327  lr 1.0e-03
  ep   5 *  train 0.3070  val 0.3306  lr 1.0e-03
  ep  10    train 0.2840  val 0.3432  lr 1.0e-03
  ep  15    train 0.2611  val 0.3388  lr 5.0e-04
  ep  20    train 0.2601  val 0.3385  lr 5.0e-04
  ep  25    train 0.2530  val 0.3403  lr 2.5e-04
  early stop @ epoch 25
  saved checkpoint → binn/artifacts/breast/binn.pt
  wrote LaTeX table → binn/artifacts/breast/tex/04_training_summary.tex

PHASE 5: Evaluation

  === VAL ===
  head    thr   AUROC   AUPRC      F1     Acc    TN   FP   FN   TP    n+   n-
  TMT    0.29   0.692   0.988   0.984   0.968     0    2    0   60    60    2
  RT     0.22   0.656   0.672   0.758   0.629     3   23    0   36    36   26
  OS     0.34   0.660   0.877   0.876   0.790     3   12    1   46    47   15

  === TEST ===
  head    thr   AUROC   AUPRC      F1     Acc    TN   FP   FN   TP    n+   n-
  TMT    0.29   0.373   0.949   0.975   0.952     0    3    0   59    59    3
  RT     0.22   0.417   0.527   0.722   0.565     0   27    0   35    35   27
  OS     0.34   0.736   0.848   0.857   0.774     6   12    2   42    44   18
  saved results → binn/artifacts/breast/results.json
  wrote LaTeX table → binn/artifacts/breast/tex/05_metrics.tex
  saved pathway importance → binn/artifacts/breast/importance.npz

[cv] seed=4  binn x breast  done in 6s → results_cv/seed4/binn__breast.json
[cv] seed=4  graphpath x breast  → starting
cohort           : breast
scores csv       : /work/mech-ai-scratch/tirtho/TherapAgent/Intermediate Dataset/Breast_cancer.csv
mapping csv      : /work/mech-ai-scratch/tirtho/TherapAgent/Final DataSet/Breast_Cancer_final.csv
artifacts dir    : /work/mech-ai-scratch/tirtho/TherapAgent/graphpath/artifacts/breast
PHASE 1: Environment
  Python     : 3.11.11
  numpy      : 2.4.4
  pandas     : 3.0.3
  scipy      : 1.17.1
  sklearn    : 1.8.0
  torch      : 2.4.1+cu118
  wrote LaTeX table → graphpath/artifacts/breast/tex/01_environment.tex

PHASE 2: Reactome pathway-pathway adjacency
  pathway rows in scores CSV     : 1706
  matched pathways               : 1686 (missing 20)
  undirected edges               : 4672
  degree min/mean/max            : 0 / 5.54 / 29
  siblings included              : True
  saved checkpoint → graphpath/artifacts/breast/reactome.pkl
  wrote LaTeX table → graphpath/artifacts/breast/tex/02_pathway_graph.tex

PHASE 3: Data preparation
  scores.csv samples             : 1218
  mapping.csv labeled samples    : 618
  intersection (used by model)   : 618
  X shape                        : (618, 1686)
  Y shape                        : (618, 3)
  split (n)                      : train=494 val=62 test=62
  pos weights                    : TMT=0.10, RT=0.80, OS=0.33
  wrote LaTeX tables → graphpath/artifacts/breast/tex/

PHASE 4: Training
  device                         : cuda
  pathways                       : 1686
  trainable params               : 125,894
  ep   1 *  train 0.3612  val 0.3438  lr 5.0e-02
  ep   2 *  train 0.3590  val 0.3386  lr 5.0e-02
  ep   5    train 0.3548  val 0.3431  lr 5.0e-02
  ep  10    train 0.3616  val 0.3480  lr 5.0e-02
  ep  15    train 0.3617  val 0.3482  lr 2.5e-02
  ep  20    train 0.3617  val 0.3483  lr 1.3e-02
  ep  25    train 0.3616  val 0.3482  lr 1.3e-02
  early stop @ epoch 27
  saved checkpoint → graphpath/artifacts/breast/graphpath.pt
  wrote LaTeX table → graphpath/artifacts/breast/tex/04_training_summary.tex

PHASE 5: Evaluation

  === VAL ===
  head    thr   AUROC   AUPRC      F1     Acc    TN   FP   FN   TP    n+   n-
  TMT    0.39   0.492   0.978   0.984   0.968     0    2    0   60    60    2
  RT     0.34   0.681   0.781   0.766   0.645     4   22    0   36    36   26
  OS     0.41   0.533   0.798   0.862   0.758     0   15    0   47    47   15

  === TEST ===
  head    thr   AUROC   AUPRC      F1     Acc    TN   FP   FN   TP    n+   n-
  TMT    0.39   0.475   0.954   0.975   0.952     0    3    0   59    59    3
  RT     0.34   0.401   0.538   0.722   0.565     0   27    0   35    35   27
  OS     0.41   0.609   0.803   0.830   0.710     0   18    0   44    44   18
  saved results → graphpath/artifacts/breast/results.json
  wrote LaTeX table → graphpath/artifacts/breast/tex/05_metrics.tex
  saved pathway importance → graphpath/artifacts/breast/importance.npz

[cv] seed=4  graphpath x breast  done in 21s → results_cv/seed4/graphpath__breast.json
[cv] seed=4  path x breast  → starting
cohort           : breast
scores csv       : /work/mech-ai-scratch/tirtho/TherapAgent/Intermediate Dataset/Breast_cancer.csv
mapping csv      : /work/mech-ai-scratch/tirtho/TherapAgent/Final DataSet/Breast_Cancer_final.csv
artifacts dir    : /work/mech-ai-scratch/tirtho/TherapAgent/path/artifacts/breast
PHASE 1: Environment
  Python     : 3.11.11
  numpy      : 2.4.4
  pandas     : 3.0.3
  scipy      : 1.17.1
  sklearn    : 1.8.0
  torch      : 2.4.1+cu118
  wrote LaTeX table → path/artifacts/breast/tex/01_environment.tex

PHASE 2: Reactome Jaccard adjacency
  pathway rows in scores CSV     : 1706
  matched pathways               : 1431 (missing 275)
  undirected edges               : 243210
  max Jaccard (after norm)       : 1.000
  median pathway gene-set size   : 42
  degree min/mean/max            : 7 / 339.9 / 1270
  saved checkpoint → path/artifacts/breast/reactome.pkl
  wrote LaTeX table → path/artifacts/breast/tex/02_pathway_graph.tex

PHASE 3: Data preparation
  scores.csv samples             : 1218
  mapping.csv labeled samples    : 618
  intersection (used by model)   : 618
  X shape                        : (618, 1431)
  Y shape                        : (618, 3)
  split (n)                      : train=494 val=62 test=62
  pos weights                    : TMT=0.10, RT=0.80, OS=0.33
  wrote LaTeX tables → path/artifacts/breast/tex/

PHASE 4: Training
  device                         : cuda
  pathways                       : 1431
  transformer layers / heads     : 2 / 4
  trainable params               : 4,295,292
  ep   1 *  train 0.3802  val 0.3552  lr 1.0e-04
  ep   4 *  train 0.3664  val 0.3532  lr 1.0e-04
  ep   5 *  train 0.3658  val 0.3526  lr 1.0e-04
  ep   7 *  train 0.3639  val 0.3511  lr 1.0e-04
  ep   8 *  train 0.3641  val 0.3463  lr 1.0e-04
  ep  10    train 0.3619  val 0.3469  lr 1.0e-04
  ep  12 *  train 0.3567  val 0.3422  lr 1.0e-04
  ep  15    train 0.3538  val 0.3439  lr 1.0e-04
  ep  16 *  train 0.3491  val 0.3405  lr 1.0e-04
  ep  20    train 0.3315  val 0.3708  lr 1.0e-04
  ep  25    train 0.2746  val 0.3965  lr 1.0e-04
  ep  30    train 0.2375  val 0.3899  lr 5.0e-05
  ep  35    train 0.2132  val 0.4037  lr 5.0e-05
  ep  40    train 0.2073  val 0.4136  lr 2.5e-05
  ep  45    train 0.1955  val 0.4196  lr 2.5e-05
  early stop @ epoch 49
  saved checkpoint → path/artifacts/breast/path.pt
  wrote LaTeX table → path/artifacts/breast/tex/04_training_summary.tex

PHASE 5: Evaluation

  === VAL ===
  head    thr   AUROC   AUPRC      F1     Acc    TN   FP   FN   TP    n+   n-
  TMT    0.38   0.458   0.974   0.984   0.968     0    2    0   60    60    2
  RT     0.26   0.635   0.749   0.753   0.629     4   22    1   35    36   26
  OS     0.30   0.652   0.867   0.862   0.758     0   15    0   47    47   15

  === TEST ===
  head    thr   AUROC   AUPRC      F1     Acc    TN   FP   FN   TP    n+   n-
  TMT    0.38   0.463   0.952   0.975   0.952     0    3    0   59    59    3
  RT     0.26   0.360   0.479   0.716   0.565     1   26    1   34    35   27
  OS     0.30   0.544   0.764   0.830   0.710     0   18    0   44    44   18
  saved results → path/artifacts/breast/results.json
  wrote LaTeX table → path/artifacts/breast/tex/05_metrics.tex
  saved pathway importance → path/artifacts/breast/importance.npz

[cv] seed=4  path x breast  done in 77s → results_cv/seed4/path__breast.json
[cv] seed=4  binn x lung  → starting
cohort           : lung
scores csv       : /work/mech-ai-scratch/tirtho/TherapAgent/Intermediate Dataset/Lung_cancer.csv
mapping csv      : /work/mech-ai-scratch/tirtho/TherapAgent/Final DataSet/Lung_cancer_final.csv
artifacts dir    : /work/mech-ai-scratch/tirtho/TherapAgent/binn/artifacts/lung
PHASE 1: Environment
  Python     : 3.11.11
  numpy      : 2.4.4
  pandas     : 3.0.3
  scipy      : 1.17.1
  sklearn    : 1.8.0
  torch      : 2.4.1+cu118
  joblib     : 1.5.3
  wrote LaTeX table → binn/artifacts/lung/tex/01_environment.tex

PHASE 2: Reactome hierarchy
  pathway rows in scores CSV     : 1706
  matched pathway nodes          : 1686 / 1706 (20 missing)
  layer 0                       : 1686 nodes
  layer 1                       : 656 nodes
  layer 2                       : 306 nodes
  layer 3                       : 163 nodes
  mask  0→1                  : (656, 1686) (active edges=1719)
  mask  1→2                  : (306, 656) (active edges=679)
  mask  2→3                  : (163, 306) (active edges=317)
  saved checkpoint → binn/artifacts/lung/reactome.pkl
  wrote LaTeX table → binn/artifacts/lung/tex/02_reactome_layers.tex

PHASE 3: Data preparation
  scores.csv samples             : 1129
  scores.csv pathways            : 1706
  mapping.csv labeled samples    : 970
  intersection (used by model)   : 970
  X shape                        : (970, 1686)
  Y shape                        : (970, 3)
  split (n)                      : train=776  val=97  test=97
  pos weights (train)            : TMT=2.13, RT=6.53, OS=0.13
  saved checkpoint → binn/artifacts/lung/splits.npz
  wrote LaTeX tables → binn/artifacts/lung/tex/

PHASE 4: Training
  device                         : cuda
  layer sizes                    : [1686, 656, 306, 163]
  active params                  : 14,535
  ep   1 *  train 0.7953  val 0.7141  lr 1.0e-03
  ep   2 *  train 0.7562  val 0.6995  lr 1.0e-03
  ep   4 *  train 0.7112  val 0.6959  lr 1.0e-03
  ep   5    train 0.6980  val 0.7487  lr 1.0e-03
  ep  10    train 0.6439  val 0.7370  lr 1.0e-03
  ep  15    train 0.6175  val 0.7503  lr 5.0e-04
  ep  20    train 0.5986  val 0.7743  lr 2.5e-04
  early stop @ epoch 24
  saved checkpoint → binn/artifacts/lung/binn.pt
  wrote LaTeX table → binn/artifacts/lung/tex/04_training_summary.tex

PHASE 5: Evaluation

  === VAL ===
  head    thr   AUROC   AUPRC      F1     Acc    TN   FP   FN   TP    n+   n-
  TMT    0.53   0.627   0.511   0.522   0.660    46   19   14   18    32   65
  RT     0.63   0.701   0.195   0.375   0.794    71   16    4    6    10   87
  OS     0.31   0.478   0.906   0.957   0.918     0    8    0   89    89    8

  === TEST ===
  head    thr   AUROC   AUPRC      F1     Acc    TN   FP   FN   TP    n+   n-
  TMT    0.53   0.565   0.382   0.418   0.598    44   22   17   14    31   66
  RT     0.63   0.482   0.149   0.077   0.753    72   14   10    1    11   86
  OS     0.31   0.511   0.942   0.934   0.876     0    8    4   85    89    8
  saved results → binn/artifacts/lung/results.json
  wrote LaTeX table → binn/artifacts/lung/tex/05_metrics.tex
  saved pathway importance → binn/artifacts/lung/importance.npz

[cv] seed=4  binn x lung  done in 7s → results_cv/seed4/binn__lung.json
[cv] seed=4  graphpath x lung  → starting
cohort           : lung
scores csv       : /work/mech-ai-scratch/tirtho/TherapAgent/Intermediate Dataset/Lung_cancer.csv
mapping csv      : /work/mech-ai-scratch/tirtho/TherapAgent/Final DataSet/Lung_cancer_final.csv
artifacts dir    : /work/mech-ai-scratch/tirtho/TherapAgent/graphpath/artifacts/lung
PHASE 1: Environment
  Python     : 3.11.11
  numpy      : 2.4.4
  pandas     : 3.0.3
  scipy      : 1.17.1
  sklearn    : 1.8.0
  torch      : 2.4.1+cu118
  wrote LaTeX table → graphpath/artifacts/lung/tex/01_environment.tex

PHASE 2: Reactome pathway-pathway adjacency
  pathway rows in scores CSV     : 1706
  matched pathways               : 1686 (missing 20)
  undirected edges               : 4672
  degree min/mean/max            : 0 / 5.54 / 29
  siblings included              : True
  saved checkpoint → graphpath/artifacts/lung/reactome.pkl
  wrote LaTeX table → graphpath/artifacts/lung/tex/02_pathway_graph.tex

PHASE 3: Data preparation
  scores.csv samples             : 1129
  mapping.csv labeled samples    : 970
  intersection (used by model)   : 970
  X shape                        : (970, 1686)
  Y shape                        : (970, 3)
  split (n)                      : train=776 val=97 test=97
  pos weights                    : TMT=2.13, RT=6.53, OS=0.13
  wrote LaTeX tables → graphpath/artifacts/lung/tex/

PHASE 4: Training
  device                         : cuda
  pathways                       : 1686
  trainable params               : 125,894
  ep   1 *  train 0.7783  val 0.7246  lr 5.0e-02
  ep   5    train 0.7760  val 0.7270  lr 5.0e-02
  ep   7 *  train 0.8309  val 0.7213  lr 5.0e-02
  ep  10    train 0.8126  val 0.7244  lr 5.0e-02
  ep  15    train 0.7891  val 0.7257  lr 5.0e-02
  ep  20    train 0.7724  val 0.7513  lr 2.5e-02
  ep  25    train 0.7783  val 0.7271  lr 1.3e-02
  ep  30    train 0.7695  val 0.7265  lr 1.3e-02
  early stop @ epoch 32
  saved checkpoint → graphpath/artifacts/lung/graphpath.pt
  wrote LaTeX table → graphpath/artifacts/lung/tex/04_training_summary.tex

PHASE 5: Evaluation

  === VAL ===
  head    thr   AUROC   AUPRC      F1     Acc    TN   FP   FN   TP    n+   n-
  TMT    0.51   0.529   0.347   0.496   0.330     0   65    0   32    32   65
  RT     0.45   0.379   0.090   0.187   0.103     0   87    0   10    10   87
  OS     0.54   0.519   0.921   0.957   0.918     0    8    0   89    89    8

  === TEST ===
  head    thr   AUROC   AUPRC      F1     Acc    TN   FP   FN   TP    n+   n-
  TMT    0.51   0.448   0.312   0.484   0.320     0   66    0   31    31   66
  RT     0.45   0.480   0.117   0.204   0.113     0   86    0   11    11   86
  OS     0.54   0.570   0.929   0.957   0.918     0    8    0   89    89    8
  saved results → graphpath/artifacts/lung/results.json
  wrote LaTeX table → graphpath/artifacts/lung/tex/05_metrics.tex
  saved pathway importance → graphpath/artifacts/lung/importance.npz

[cv] seed=4  graphpath x lung  done in 34s → results_cv/seed4/graphpath__lung.json
[cv] seed=4  path x lung  → starting
cohort           : lung
scores csv       : /work/mech-ai-scratch/tirtho/TherapAgent/Intermediate Dataset/Lung_cancer.csv
mapping csv      : /work/mech-ai-scratch/tirtho/TherapAgent/Final DataSet/Lung_cancer_final.csv
artifacts dir    : /work/mech-ai-scratch/tirtho/TherapAgent/path/artifacts/lung
PHASE 1: Environment
  Python     : 3.11.11
  numpy      : 2.4.4
  pandas     : 3.0.3
  scipy      : 1.17.1
  sklearn    : 1.8.0
  torch      : 2.4.1+cu118
  wrote LaTeX table → path/artifacts/lung/tex/01_environment.tex

PHASE 2: Reactome Jaccard adjacency
  pathway rows in scores CSV     : 1706
  matched pathways               : 1431 (missing 275)
  undirected edges               : 243210
  max Jaccard (after norm)       : 1.000
  median pathway gene-set size   : 42
  degree min/mean/max            : 7 / 339.9 / 1270
  saved checkpoint → path/artifacts/lung/reactome.pkl
  wrote LaTeX table → path/artifacts/lung/tex/02_pathway_graph.tex

PHASE 3: Data preparation
  scores.csv samples             : 1129
  mapping.csv labeled samples    : 970
  intersection (used by model)   : 970
  X shape                        : (970, 1431)
  Y shape                        : (970, 3)
  split (n)                      : train=776 val=97 test=97
  pos weights                    : TMT=2.13, RT=6.53, OS=0.13
  wrote LaTeX tables → path/artifacts/lung/tex/

PHASE 4: Training
  device                         : cuda
  pathways                       : 1431
  transformer layers / heads     : 2 / 4
  trainable params               : 4,295,292
  ep   1 *  train 0.7970  val 0.7273  lr 1.0e-04
  ep   2 *  train 0.7893  val 0.7154  lr 1.0e-04
  ep   5    train 0.7799  val 0.7229  lr 1.0e-04
  ep   7 *  train 0.7750  val 0.7144  lr 1.0e-04
  ep  10    train 0.7654  val 0.7365  lr 1.0e-04
  ep  11 *  train 0.7708  val 0.7086  lr 1.0e-04
  ep  15    train 0.7522  val 0.7585  lr 1.0e-04
  ep  20    train 0.7075  val 0.7602  lr 1.0e-04
  ep  25    train 0.6196  val 0.7473  lr 5.0e-05
  ep  30    train 0.5794  val 0.7253  lr 5.0e-05
  ep  35    train 0.5435  val 0.7522  lr 2.5e-05
  ep  40    train 0.5120  val 0.7708  lr 2.5e-05
  ep  45    train 0.5159  val 0.7734  lr 1.3e-05
  early stop @ epoch 49
  saved checkpoint → path/artifacts/lung/path.pt
  wrote LaTeX table → path/artifacts/lung/tex/04_training_summary.tex

PHASE 5: Evaluation

  === VAL ===
  head    thr   AUROC   AUPRC      F1     Acc    TN   FP   FN   TP    n+   n-
  TMT    0.53   0.603   0.469   0.508   0.701    53   12   17   15    32   65
  RT     0.50   0.607   0.182   0.364   0.856    79    8    6    4    10   87
  OS     0.35   0.591   0.946   0.957   0.918     0    8    0   89    89    8

  === TEST ===
  head    thr   AUROC   AUPRC      F1     Acc    TN   FP   FN   TP    n+   n-
  TMT    0.53   0.446   0.394   0.296   0.608    51   15   23    8    31   66
  RT     0.50   0.556   0.136   0.000   0.794    77    9   11    0    11   86
  OS     0.35   0.513   0.935   0.957   0.918     0    8    0   89    89    8
  saved results → path/artifacts/lung/results.json
  wrote LaTeX table → path/artifacts/lung/tex/05_metrics.tex
  saved pathway importance → path/artifacts/lung/importance.npz

[cv] seed=4  path x lung  done in 119s → results_cv/seed4/path__lung.json
[cv] seed=4  binn x prostate  → starting
cohort           : prostate
scores csv       : /work/mech-ai-scratch/tirtho/TherapAgent/Intermediate Dataset/Prostate_cancer.csv
mapping csv      : /work/mech-ai-scratch/tirtho/TherapAgent/Final DataSet/Prostate_cancer_final.csv
artifacts dir    : /work/mech-ai-scratch/tirtho/TherapAgent/binn/artifacts/prostate
PHASE 1: Environment
  Python     : 3.11.11
  numpy      : 2.4.4
  pandas     : 3.0.3
  scipy      : 1.17.1
  sklearn    : 1.8.0
  torch      : 2.4.1+cu118
  joblib     : 1.5.3
  wrote LaTeX table → binn/artifacts/prostate/tex/01_environment.tex

PHASE 2: Reactome hierarchy
  pathway rows in scores CSV     : 1706
  matched pathway nodes          : 1686 / 1706 (20 missing)
  layer 0                       : 1686 nodes
  layer 1                       : 656 nodes
  layer 2                       : 306 nodes
  layer 3                       : 163 nodes
  mask  0→1                  : (656, 1686) (active edges=1719)
  mask  1→2                  : (306, 656) (active edges=679)
  mask  2→3                  : (163, 306) (active edges=317)
  saved checkpoint → binn/artifacts/prostate/reactome.pkl
  wrote LaTeX table → binn/artifacts/prostate/tex/02_reactome_layers.tex

PHASE 3: Data preparation
  scores.csv samples             : 550
  scores.csv pathways            : 1706
  mapping.csv labeled samples    : 496
  intersection (used by model)   : 496
  X shape                        : (496, 1686)
  Y shape                        : (496, 3)
  split (n)                      : train=396  val=50  test=50
  pos weights (train)            : TMT=8.00, RT=6.62, OS=0.10
  saved checkpoint → binn/artifacts/prostate/splits.npz
  wrote LaTeX tables → binn/artifacts/prostate/tex/

PHASE 4: Training
  device                         : cuda
  layer sizes                    : [1686, 656, 306, 163]
  active params                  : 14,535
  ep   1 *  train 0.7845  val 0.8511  lr 1.0e-03
  ep   2 *  train 0.7135  val 0.8390  lr 1.0e-03
  ep   3 *  train 0.6719  val 0.8235  lr 1.0e-03
  ep   4 *  train 0.6458  val 0.8144  lr 1.0e-03
  ep   5 *  train 0.6257  val 0.7722  lr 1.0e-03
  ep   6 *  train 0.6162  val 0.7310  lr 1.0e-03
  ep   8 *  train 0.5768  val 0.7200  lr 1.0e-03
  ep  10    train 0.5400  val 0.7251  lr 1.0e-03
  ep  14 *  train 0.5086  val 0.7182  lr 1.0e-03
  ep  15 *  train 0.4937  val 0.7138  lr 1.0e-03
  ep  18 *  train 0.4608  val 0.6949  lr 1.0e-03
  ep  20 *  train 0.4512  val 0.6807  lr 1.0e-03
  ep  23 *  train 0.4340  val 0.6774  lr 1.0e-03
  ep  25    train 0.4149  val 0.6804  lr 1.0e-03
  ep  30    train 0.3807  val 0.7360  lr 1.0e-03
  ep  35    train 0.3789  val 0.7419  lr 5.0e-04
  ep  40    train 0.3735  val 0.7475  lr 2.5e-04
  early stop @ epoch 43
  saved checkpoint → binn/artifacts/prostate/binn.pt
  wrote LaTeX table → binn/artifacts/prostate/tex/04_training_summary.tex

PHASE 5: Evaluation

  === VAL ===
  head    thr   AUROC   AUPRC      F1     Acc    TN   FP   FN   TP    n+   n-
  TMT    0.72   0.869   0.690   0.800   0.940    41    1    2    6     8   42
  RT     0.56   0.742   0.403   0.429   0.840    39    5    3    3     6   44
  OS     0.28   0.448   0.967   0.980   0.960     0    2    0   48    48    2

  === TEST ===
  head    thr   AUROC   AUPRC      F1     Acc    TN   FP   FN   TP    n+   n-
  TMT    0.72   0.979   0.750   0.571   0.940    45    3    0    2     2   48
  RT     0.56   0.943   0.500   0.364   0.860    41    6    1    2     3   47
  OS     0.28   0.833   0.992   0.990   0.980     1    1    0   48    48    2
  saved results → binn/artifacts/prostate/results.json
  wrote LaTeX table → binn/artifacts/prostate/tex/05_metrics.tex
  saved pathway importance → binn/artifacts/prostate/importance.npz

[cv] seed=4  binn x prostate  done in 7s → results_cv/seed4/binn__prostate.json
[cv] seed=4  graphpath x prostate  → starting
cohort           : prostate
scores csv       : /work/mech-ai-scratch/tirtho/TherapAgent/Intermediate Dataset/Prostate_cancer.csv
mapping csv      : /work/mech-ai-scratch/tirtho/TherapAgent/Final DataSet/Prostate_cancer_final.csv
artifacts dir    : /work/mech-ai-scratch/tirtho/TherapAgent/graphpath/artifacts/prostate
PHASE 1: Environment
  Python     : 3.11.11
  numpy      : 2.4.4
  pandas     : 3.0.3
  scipy      : 1.17.1
  sklearn    : 1.8.0
  torch      : 2.4.1+cu118
  wrote LaTeX table → graphpath/artifacts/prostate/tex/01_environment.tex

PHASE 2: Reactome pathway-pathway adjacency
  pathway rows in scores CSV     : 1706
  matched pathways               : 1686 (missing 20)
  undirected edges               : 4672
  degree min/mean/max            : 0 / 5.54 / 29
  siblings included              : True
  saved checkpoint → graphpath/artifacts/prostate/reactome.pkl
  wrote LaTeX table → graphpath/artifacts/prostate/tex/02_pathway_graph.tex

PHASE 3: Data preparation
  scores.csv samples             : 550
  mapping.csv labeled samples    : 496
  intersection (used by model)   : 496
  X shape                        : (496, 1686)
  Y shape                        : (496, 3)
  split (n)                      : train=396 val=50 test=50
  pos weights                    : TMT=8.00, RT=6.62, OS=0.10
  wrote LaTeX tables → graphpath/artifacts/prostate/tex/

PHASE 4: Training
  device                         : cuda
  pathways                       : 1686
  trainable params               : 125,894
  ep   1 *  train 0.8257  val 0.8007  lr 5.0e-02
  ep   2 *  train 0.7428  val 0.7921  lr 5.0e-02
  ep   3 *  train 1.0820  val 0.7697  lr 5.0e-02
  ep   5    train 2.6221  val 4.3587  lr 5.0e-02
  ep  10    train 2.7387  val 7.5819  lr 5.0e-02
  ep  15    train 1.6543  val 2.8958  lr 2.5e-02
  ep  20    train 0.9144  val 1.3706  lr 2.5e-02
  ep  22 *  train 0.8216  val 0.7635  lr 1.3e-02
  ep  24 *  train 0.5922  val 0.7620  lr 1.3e-02
  ep  25 *  train 0.6007  val 0.7360  lr 1.3e-02
  ep  26 *  train 0.5660  val 0.7325  lr 1.3e-02
  ep  27 *  train 0.5978  val 0.6873  lr 1.3e-02
  ep  30    train 0.5175  val 0.8283  lr 1.3e-02
  ep  31 *  train 0.5596  val 0.6827  lr 1.3e-02
  ep  34 *  train 0.5353  val 0.6762  lr 1.3e-02
  ep  35    train 0.5524  val 0.8117  lr 1.3e-02
  ep  40    train 0.5514  val 0.7262  lr 1.3e-02
  ep  44 *  train 0.4473  val 0.6484  lr 6.3e-03
  ep  45    train 0.4370  val 0.7545  lr 6.3e-03
  ep  50    train 0.4713  val 0.7347  lr 6.3e-03
  ep  55    train 0.4284  val 0.6792  lr 3.1e-03
  ep  60    train 0.4244  val 0.7570  lr 3.1e-03
  ep  65    train 0.4067  val 0.7145  lr 1.6e-03
  early stop @ epoch 69
  saved checkpoint → graphpath/artifacts/prostate/graphpath.pt
  wrote LaTeX table → graphpath/artifacts/prostate/tex/04_training_summary.tex

PHASE 5: Evaluation

  === VAL ===
  head    thr   AUROC   AUPRC      F1     Acc    TN   FP   FN   TP    n+   n-
  TMT    0.83   0.848   0.554   0.667   0.880    38    4    2    6     8   42
  RT     0.77   0.845   0.480   0.500   0.880    41    3    3    3     6   44
  OS     0.28   0.438   0.966   0.980   0.960     0    2    0   48    48    2

  === TEST ===
  head    thr   AUROC   AUPRC      F1     Acc    TN   FP   FN   TP    n+   n-
  TMT    0.83   0.948   0.417   0.286   0.900    44    4    1    1     2   48
  RT     0.77   0.908   0.383   0.286   0.900    44    3    2    1     3   47
  OS     0.28   0.792   0.991   0.980   0.960     0    2    0   48    48    2
  saved results → graphpath/artifacts/prostate/results.json
  wrote LaTeX table → graphpath/artifacts/prostate/tex/05_metrics.tex
  saved pathway importance → graphpath/artifacts/prostate/importance.npz

[cv] seed=4  graphpath x prostate  done in 36s → results_cv/seed4/graphpath__prostate.json
[cv] seed=4  path x prostate  → starting
cohort           : prostate
scores csv       : /work/mech-ai-scratch/tirtho/TherapAgent/Intermediate Dataset/Prostate_cancer.csv
mapping csv      : /work/mech-ai-scratch/tirtho/TherapAgent/Final DataSet/Prostate_cancer_final.csv
artifacts dir    : /work/mech-ai-scratch/tirtho/TherapAgent/path/artifacts/prostate
PHASE 1: Environment
  Python     : 3.11.11
  numpy      : 2.4.4
  pandas     : 3.0.3
  scipy      : 1.17.1
  sklearn    : 1.8.0
  torch      : 2.4.1+cu118
  wrote LaTeX table → path/artifacts/prostate/tex/01_environment.tex

PHASE 2: Reactome Jaccard adjacency
  pathway rows in scores CSV     : 1706
  matched pathways               : 1431 (missing 275)
  undirected edges               : 243210
  max Jaccard (after norm)       : 1.000
  median pathway gene-set size   : 42
  degree min/mean/max            : 7 / 339.9 / 1270
  saved checkpoint → path/artifacts/prostate/reactome.pkl
  wrote LaTeX table → path/artifacts/prostate/tex/02_pathway_graph.tex

PHASE 3: Data preparation
  scores.csv samples             : 550
  mapping.csv labeled samples    : 496
  intersection (used by model)   : 496
  X shape                        : (496, 1431)
  Y shape                        : (496, 3)
  split (n)                      : train=396 val=50 test=50
  pos weights                    : TMT=8.00, RT=6.62, OS=0.10
  wrote LaTeX tables → path/artifacts/prostate/tex/

PHASE 4: Training
  device                         : cuda
  pathways                       : 1431
  transformer layers / heads     : 2 / 4
  trainable params               : 4,295,292
  ep   1 *  train 0.8603  val 0.9078  lr 1.0e-04
  ep   2 *  train 0.8288  val 0.8964  lr 1.0e-04
  ep   3 *  train 0.8185  val 0.8938  lr 1.0e-04
  ep   5 *  train 0.8074  val 0.8907  lr 1.0e-04
  ep   6 *  train 0.8172  val 0.8865  lr 1.0e-04
  ep   7 *  train 0.8005  val 0.8813  lr 1.0e-04
  ep   8 *  train 0.7884  val 0.8580  lr 1.0e-04
  ep  10    train 0.7808  val 0.8612  lr 1.0e-04
  ep  11 *  train 0.7715  val 0.8491  lr 1.0e-04
  ep  13 *  train 0.7924  val 0.8266  lr 1.0e-04
  ep  15 *  train 0.7682  val 0.8106  lr 1.0e-04
  ep  16 *  train 0.7476  val 0.7922  lr 1.0e-04
  ep  20 *  train 0.7073  val 0.7893  lr 1.0e-04
  ep  23 *  train 0.6747  val 0.7681  lr 1.0e-04
  ep  24 *  train 0.6531  val 0.7587  lr 1.0e-04
  ep  25    train 0.6462  val 0.7704  lr 1.0e-04
  ep  30    train 0.5595  val 0.8150  lr 1.0e-04
  ep  35    train 0.4791  val 0.8333  lr 5.0e-05
  ep  40    train 0.4429  val 0.8495  lr 5.0e-05
  ep  45    train 0.4164  val 0.8444  lr 5.0e-05
  early stop @ epoch 49
  saved checkpoint → path/artifacts/prostate/path.pt
  wrote LaTeX table → path/artifacts/prostate/tex/04_training_summary.tex

PHASE 5: Evaluation

  === VAL ===
  head    thr   AUROC   AUPRC      F1     Acc    TN   FP   FN   TP    n+   n-
  TMT    0.64   0.783   0.428   0.519   0.740    30   12    1    7     8   42
  RT     0.63   0.777   0.386   0.400   0.820    38    6    3    3     6   44
  OS     0.45   0.208   0.911   0.980   0.960     0    2    0   48    48    2

  === TEST ===
  head    thr   AUROC   AUPRC      F1     Acc    TN   FP   FN   TP    n+   n-
  TMT    0.64   0.990   0.833   0.333   0.840    40    8    0    2     2   48
  RT     0.63   0.858   0.517   0.267   0.780    37   10    1    2     3   47
  OS     0.45   0.417   0.964   0.969   0.940     0    2    1   47    48    2
  saved results → path/artifacts/prostate/results.json
  wrote LaTeX table → path/artifacts/prostate/tex/05_metrics.tex
  saved pathway importance → path/artifacts/prostate/importance.npz

[cv] seed=4  path x prostate  done in 64s → results_cv/seed4/path__prostate.json
[cv] seed=4  binn x head_neck  → starting
cohort           : head_neck
scores csv       : /work/mech-ai-scratch/tirtho/TherapAgent/Intermediate Dataset/Head_Neck_Cancer.csv
mapping csv      : /work/mech-ai-scratch/tirtho/TherapAgent/Final DataSet/Head_Neck_Cancer_Final.csv
artifacts dir    : /work/mech-ai-scratch/tirtho/TherapAgent/binn/artifacts/head_neck
PHASE 1: Environment
  Python     : 3.11.11
  numpy      : 2.4.4
  pandas     : 3.0.3
  scipy      : 1.17.1
  sklearn    : 1.8.0
  torch      : 2.4.1+cu118
  joblib     : 1.5.3
  wrote LaTeX table → binn/artifacts/head_neck/tex/01_environment.tex

PHASE 2: Reactome hierarchy
  pathway rows in scores CSV     : 1706
  matched pathway nodes          : 1686 / 1706 (20 missing)
  layer 0                       : 1686 nodes
  layer 1                       : 656 nodes
  layer 2                       : 306 nodes
  layer 3                       : 163 nodes
  mask  0→1                  : (656, 1686) (active edges=1719)
  mask  1→2                  : (306, 656) (active edges=679)
  mask  2→3                  : (163, 306) (active edges=317)
  saved checkpoint → binn/artifacts/head_neck/reactome.pkl
  wrote LaTeX table → binn/artifacts/head_neck/tex/02_reactome_layers.tex

PHASE 3: Data preparation
  scores.csv samples             : 566
  scores.csv pathways            : 1706
  mapping.csv labeled samples    : 429
  intersection (used by model)   : 429
  X shape                        : (429, 1686)
  Y shape                        : (429, 3)
  split (n)                      : train=343  val=43  test=43
  pos weights (train)            : TMT=1.79, RT=0.58, OS=0.10
  saved checkpoint → binn/artifacts/head_neck/splits.npz
  wrote LaTeX tables → binn/artifacts/head_neck/tex/

PHASE 4: Training
  device                         : cuda
  layer sizes                    : [1686, 656, 306, 163]
  active params                  : 14,535
  ep   1 *  train 0.5116  val 0.4914  lr 1.0e-03
  ep   2 *  train 0.4729  val 0.4840  lr 1.0e-03
  ep   3 *  train 0.4614  val 0.4799  lr 1.0e-03
  ep   5    train 0.4367  val 0.4816  lr 1.0e-03
  ep   6 *  train 0.4231  val 0.4741  lr 1.0e-03
  ep   7 *  train 0.4240  val 0.4695  lr 1.0e-03
  ep   9 *  train 0.4101  val 0.4667  lr 1.0e-03
  ep  10 *  train 0.4035  val 0.4633  lr 1.0e-03
  ep  11 *  train 0.3944  val 0.4606  lr 1.0e-03
  ep  13 *  train 0.3869  val 0.4524  lr 1.0e-03
  ep  15    train 0.3792  val 0.4690  lr 1.0e-03
  ep  20    train 0.3564  val 0.4606  lr 1.0e-03
  ep  25    train 0.3420  val 0.4579  lr 5.0e-04
  ep  30    train 0.3354  val 0.4667  lr 2.5e-04
  early stop @ epoch 33
  saved checkpoint → binn/artifacts/head_neck/binn.pt
  wrote LaTeX table → binn/artifacts/head_neck/tex/04_training_summary.tex

PHASE 5: Evaluation

  === VAL ===
  head    thr   AUROC   AUPRC      F1     Acc    TN   FP   FN   TP    n+   n-
  TMT    0.54   0.781   0.610   0.688   0.767    22    7    3   11    14   29
  RT     0.19   0.548   0.811   0.853   0.744     0   11    0   32    32   11
  OS     0.27   0.721   0.927   0.925   0.860     0    6    0   37    37    6

  === TEST ===
  head    thr   AUROC   AUPRC      F1     Acc    TN   FP   FN   TP    n+   n-
  TMT    0.54   0.746   0.509   0.500   0.674    22    8    6    7    13   30
  RT     0.19   0.640   0.678   0.735   0.581     0   18    0   25    25   18
  OS     0.27   0.767   0.979   0.925   0.860     0    3    3   37    40    3
  saved results → binn/artifacts/head_neck/results.json
  wrote LaTeX table → binn/artifacts/head_neck/tex/05_metrics.tex
  saved pathway importance → binn/artifacts/head_neck/importance.npz

[cv] seed=4  binn x head_neck  done in 5s → results_cv/seed4/binn__head_neck.json
[cv] seed=4  graphpath x head_neck  → starting
cohort           : head_neck
scores csv       : /work/mech-ai-scratch/tirtho/TherapAgent/Intermediate Dataset/Head_Neck_Cancer.csv
mapping csv      : /work/mech-ai-scratch/tirtho/TherapAgent/Final DataSet/Head_Neck_Cancer_Final.csv
artifacts dir    : /work/mech-ai-scratch/tirtho/TherapAgent/graphpath/artifacts/head_neck
PHASE 1: Environment
  Python     : 3.11.11
  numpy      : 2.4.4
  pandas     : 3.0.3
  scipy      : 1.17.1
  sklearn    : 1.8.0
  torch      : 2.4.1+cu118
  wrote LaTeX table → graphpath/artifacts/head_neck/tex/01_environment.tex

PHASE 2: Reactome pathway-pathway adjacency
  pathway rows in scores CSV     : 1706
  matched pathways               : 1686 (missing 20)
  undirected edges               : 4672
  degree min/mean/max            : 0 / 5.54 / 29
  siblings included              : True
  saved checkpoint → graphpath/artifacts/head_neck/reactome.pkl
  wrote LaTeX table → graphpath/artifacts/head_neck/tex/02_pathway_graph.tex

PHASE 3: Data preparation
  scores.csv samples             : 566
  mapping.csv labeled samples    : 429
  intersection (used by model)   : 429
  X shape                        : (429, 1686)
  Y shape                        : (429, 3)
  split (n)                      : train=343 val=43 test=43
  pos weights                    : TMT=1.79, RT=0.58, OS=0.10
  wrote LaTeX tables → graphpath/artifacts/head_neck/tex/

PHASE 4: Training
  device                         : cuda
  pathways                       : 1686
  trainable params               : 125,894
  ep   1 *  train 0.5044  val 0.4997  lr 5.0e-02
  ep   2 *  train 0.4981  val 0.4855  lr 5.0e-02
  ep   3 *  train 0.4913  val 0.4780  lr 5.0e-02
  ep   5    train 0.4793  val 0.4871  lr 5.0e-02
  ep  10    train 0.4687  val 0.4823  lr 5.0e-02
  ep  15    train 0.4535  val 0.4864  lr 2.5e-02
  ep  18 *  train 0.4454  val 0.4762  lr 2.5e-02
  ep  20    train 0.4536  val 0.4769  lr 2.5e-02
  ep  23 *  train 0.4498  val 0.4762  lr 2.5e-02
  ep  25    train 0.4427  val 0.4768  lr 2.5e-02
  ep  27 *  train 0.4442  val 0.4709  lr 2.5e-02
  ep  30 *  train 0.4465  val 0.4684  lr 2.5e-02
  ep  35    train 0.4417  val 0.4939  lr 2.5e-02
  ep  40    train 0.4331  val 0.4818  lr 1.3e-02
  ep  45    train 0.4261  val 0.4867  lr 1.3e-02
  ep  50    train 0.4177  val 0.4777  lr 6.3e-03
  ep  55    train 0.4163  val 0.4844  lr 6.3e-03
  early stop @ epoch 55
  saved checkpoint → graphpath/artifacts/head_neck/graphpath.pt
  wrote LaTeX table → graphpath/artifacts/head_neck/tex/04_training_summary.tex

PHASE 5: Evaluation

  === VAL ===
  head    thr   AUROC   AUPRC      F1     Acc    TN   FP   FN   TP    n+   n-
  TMT    0.44   0.746   0.579   0.629   0.698    19   10    3   11    14   29
  RT     0.27   0.528   0.811   0.853   0.744     0   11    0   32    32   11
  OS     0.36   0.617   0.894   0.925   0.860     0    6    0   37    37    6

  === TEST ===
  head    thr   AUROC   AUPRC      F1     Acc    TN   FP   FN   TP    n+   n-
  TMT    0.44   0.636   0.424   0.500   0.488    10   20    2   11    13   30
  RT     0.27   0.507   0.575   0.716   0.558     0   18    1   24    25   18
  OS     0.36   0.858   0.989   0.937   0.884     1    2    3   37    40    3
  saved results → graphpath/artifacts/head_neck/results.json
  wrote LaTeX table → graphpath/artifacts/head_neck/tex/05_metrics.tex
  saved pathway importance → graphpath/artifacts/head_neck/importance.npz

[cv] seed=4  graphpath x head_neck  done in 27s → results_cv/seed4/graphpath__head_neck.json
[cv] seed=4  path x head_neck  → starting
cohort           : head_neck
scores csv       : /work/mech-ai-scratch/tirtho/TherapAgent/Intermediate Dataset/Head_Neck_Cancer.csv
mapping csv      : /work/mech-ai-scratch/tirtho/TherapAgent/Final DataSet/Head_Neck_Cancer_Final.csv
artifacts dir    : /work/mech-ai-scratch/tirtho/TherapAgent/path/artifacts/head_neck
PHASE 1: Environment
  Python     : 3.11.11
  numpy      : 2.4.4
  pandas     : 3.0.3
  scipy      : 1.17.1
  sklearn    : 1.8.0
  torch      : 2.4.1+cu118
  wrote LaTeX table → path/artifacts/head_neck/tex/01_environment.tex

PHASE 2: Reactome Jaccard adjacency
  pathway rows in scores CSV     : 1706
  matched pathways               : 1431 (missing 275)
  undirected edges               : 243210
  max Jaccard (after norm)       : 1.000
  median pathway gene-set size   : 42
  degree min/mean/max            : 7 / 339.9 / 1270
  saved checkpoint → path/artifacts/head_neck/reactome.pkl
  wrote LaTeX table → path/artifacts/head_neck/tex/02_pathway_graph.tex

PHASE 3: Data preparation
  scores.csv samples             : 566
  mapping.csv labeled samples    : 429
  intersection (used by model)   : 429
  X shape                        : (429, 1431)
  Y shape                        : (429, 3)
  split (n)                      : train=343 val=43 test=43
  pos weights                    : TMT=1.79, RT=0.58, OS=0.10
  wrote LaTeX tables → path/artifacts/head_neck/tex/

PHASE 4: Training
  device                         : cuda
  pathways                       : 1431
  transformer layers / heads     : 2 / 4
  trainable params               : 4,295,292
  ep   1 *  train 0.5119  val 0.5041  lr 1.0e-04
  ep   5    train 0.5009  val 0.5151  lr 1.0e-04
  ep  10    train 0.4964  val 0.5147  lr 1.0e-04
  ep  15    train 0.4908  val 0.5160  lr 5.0e-05
  ep  20    train 0.4881  val 0.5103  lr 5.0e-05
  ep  25    train 0.4879  val 0.5108  lr 2.5e-05
  ep  30    train 0.4873  val 0.5121  lr 2.5e-05
  ep  35    train 0.4782  val 0.5121  lr 1.3e-05
  ep  40    train 0.4825  val 0.5122  lr 1.3e-05
  ep  45    train 0.4793  val 0.5126  lr 6.3e-06
  early stop @ epoch 49
  saved checkpoint → path/artifacts/head_neck/path.pt
  wrote LaTeX table → path/artifacts/head_neck/tex/04_training_summary.tex

PHASE 5: Evaluation

  === VAL ===
  head    thr   AUROC   AUPRC      F1     Acc    TN   FP   FN   TP    n+   n-
  TMT    0.47   0.645   0.511   0.595   0.651    17   12    3   11    14   29
  RT     0.42   0.406   0.735   0.853   0.744     0   11    0   32    32   11
  OS     0.41   0.441   0.851   0.925   0.860     0    6    0   37    37    6

  === TEST ===
  head    thr   AUROC   AUPRC      F1     Acc    TN   FP   FN   TP    n+   n-
  TMT    0.47   0.554   0.337   0.450   0.488    12   18    4    9    13   30
  RT     0.42   0.411   0.526   0.735   0.581     0   18    0   25    25   18
  OS     0.41   0.858   0.988   0.951   0.907     0    3    1   39    40    3
  saved results → path/artifacts/head_neck/results.json
  wrote LaTeX table → path/artifacts/head_neck/tex/05_metrics.tex
  saved pathway importance → path/artifacts/head_neck/importance.npz

[cv] seed=4  path x head_neck  done in 56s → results_cv/seed4/path__head_neck.json
[cv] seed=4  binn x thyroid  → starting
cohort           : thyroid
scores csv       : /work/mech-ai-scratch/tirtho/TherapAgent/Intermediate Dataset/Thyroid_Cancer.csv
mapping csv      : /work/mech-ai-scratch/tirtho/TherapAgent/Final DataSet/Thyroid_Cancer_Final.csv
artifacts dir    : /work/mech-ai-scratch/tirtho/TherapAgent/binn/artifacts/thyroid
PHASE 1: Environment
  Python     : 3.11.11
  numpy      : 2.4.4
  pandas     : 3.0.3
  scipy      : 1.17.1
  sklearn    : 1.8.0
  torch      : 2.4.1+cu118
  joblib     : 1.5.3
  wrote LaTeX table → binn/artifacts/thyroid/tex/01_environment.tex

PHASE 2: Reactome hierarchy
  pathway rows in scores CSV     : 1706
  matched pathway nodes          : 1686 / 1706 (20 missing)
  layer 0                       : 1686 nodes
  layer 1                       : 656 nodes
  layer 2                       : 306 nodes
  layer 3                       : 163 nodes
  mask  0→1                  : (656, 1686) (active edges=1719)
  mask  1→2                  : (306, 656) (active edges=679)
  mask  2→3                  : (163, 306) (active edges=317)
  saved checkpoint → binn/artifacts/thyroid/reactome.pkl
  wrote LaTeX table → binn/artifacts/thyroid/tex/02_reactome_layers.tex

PHASE 3: Data preparation
  scores.csv samples             : 572
  scores.csv pathways            : 1706
  mapping.csv labeled samples    : 109
  intersection (used by model)   : 109
  X shape                        : (109, 1686)
  Y shape                        : (109, 3)
  split (n)                      : train=87  val=11  test=11
  pos weights (train)            : TMT=16.40, RT=0.78, OS=0.10
  saved checkpoint → binn/artifacts/thyroid/splits.npz
  wrote LaTeX tables → binn/artifacts/thyroid/tex/

PHASE 4: Training
  device                         : cuda
  layer sizes                    : [1686, 656, 306, 163]
  active params                  : 14,535
  ep   1 *  train 0.6787  val 0.8357  lr 1.0e-03
  ep   2 *  train 0.6063  val 0.8211  lr 1.0e-03
  ep   5    train 0.4951  val 0.8504  lr 1.0e-03
  ep  10    train 0.4269  val 0.8967  lr 5.0e-04
  ep  15    train 0.4023  val 0.9287  lr 5.0e-04
  ep  20    train 0.3777  val 0.9927  lr 2.5e-04
  early stop @ epoch 22
  saved checkpoint → binn/artifacts/thyroid/binn.pt
  wrote LaTeX table → binn/artifacts/thyroid/tex/04_training_summary.tex

PHASE 5: Evaluation

  === VAL ===
  head    thr   AUROC   AUPRC      F1     Acc    TN   FP   FN   TP    n+   n-
  TMT    0.46   0.100   0.100   0.182   0.182     1    9    0    1     1   10
  RT     0.45   0.667   0.733   0.769   0.727     3    2    1    5     6    5
  OS     0.50     nan     nan   0.900   0.818     0    0    2    9    11    0

  === TEST ===
  head    thr   AUROC   AUPRC      F1     Acc    TN   FP   FN   TP    n+   n-
  TMT    0.46   0.900   0.500   0.250   0.455     4    6    0    1     1   10
  RT     0.45   0.133   0.418   0.625   0.455     0    5    1    5     6    5
  OS     0.50     nan     nan   0.778   0.636     0    0    4    7    11    0
  saved results → binn/artifacts/thyroid/results.json
  wrote LaTeX table → binn/artifacts/thyroid/tex/05_metrics.tex
  saved pathway importance → binn/artifacts/thyroid/importance.npz

[cv] seed=4  binn x thyroid  done in 4s → results_cv/seed4/binn__thyroid.json
[cv] seed=4  graphpath x thyroid  → starting
cohort           : thyroid
scores csv       : /work/mech-ai-scratch/tirtho/TherapAgent/Intermediate Dataset/Thyroid_Cancer.csv
mapping csv      : /work/mech-ai-scratch/tirtho/TherapAgent/Final DataSet/Thyroid_Cancer_Final.csv
artifacts dir    : /work/mech-ai-scratch/tirtho/TherapAgent/graphpath/artifacts/thyroid
PHASE 1: Environment
  Python     : 3.11.11
  numpy      : 2.4.4
  pandas     : 3.0.3
  scipy      : 1.17.1
  sklearn    : 1.8.0
  torch      : 2.4.1+cu118
  wrote LaTeX table → graphpath/artifacts/thyroid/tex/01_environment.tex

PHASE 2: Reactome pathway-pathway adjacency
  pathway rows in scores CSV     : 1706
  matched pathways               : 1686 (missing 20)
  undirected edges               : 4672
  degree min/mean/max            : 0 / 5.54 / 29
  siblings included              : True
  saved checkpoint → graphpath/artifacts/thyroid/reactome.pkl
  wrote LaTeX table → graphpath/artifacts/thyroid/tex/02_pathway_graph.tex

PHASE 3: Data preparation
  scores.csv samples             : 572
  mapping.csv labeled samples    : 109
  intersection (used by model)   : 109
  X shape                        : (109, 1686)
  Y shape                        : (109, 3)
  split (n)                      : train=87 val=11 test=11
  pos weights                    : TMT=16.40, RT=0.78, OS=0.10
  wrote LaTeX tables → graphpath/artifacts/thyroid/tex/

PHASE 4: Training
  device                         : cuda
  pathways                       : 1686
  trainable params               : 125,894
  ep   1 *  train 0.6679  val 0.7823  lr 5.0e-02
  ep   2 *  train 0.6691  val 0.7769  lr 5.0e-02
  ep   5    train 0.4785  val 1.3154  lr 5.0e-02
  ep  10 *  train 0.5177  val 0.7431  lr 5.0e-02
  ep  15    train 0.2991  val 2.7874  lr 5.0e-02
  ep  20    train 0.2762  val 2.8997  lr 2.5e-02
  ep  25    train 0.1807  val 2.8830  lr 2.5e-02
  ep  30    train 0.1435  val 2.9599  lr 1.3e-02
  ep  35    train 0.1258  val 2.6274  lr 1.3e-02
  early stop @ epoch 35
  saved checkpoint → graphpath/artifacts/thyroid/graphpath.pt
  wrote LaTeX table → graphpath/artifacts/thyroid/tex/04_training_summary.tex

PHASE 5: Evaluation

  === VAL ===
  head    thr   AUROC   AUPRC      F1     Acc    TN   FP   FN   TP    n+   n-
  TMT    0.64   0.800   0.333   0.500   0.818     8    2    0    1     1   10
  RT     0.13   0.667   0.719   0.800   0.727     2    3    0    6     6    5
  OS     0.50     nan     nan   0.429   0.273     0    0    8    3    11    0

  === TEST ===
  head    thr   AUROC   AUPRC      F1     Acc    TN   FP   FN   TP    n+   n-
  TMT    0.64   0.900   0.500   0.400   0.727     7    3    0    1     1   10
  RT     0.13   0.467   0.626   0.667   0.545     1    4    1    5     6    5
  OS     0.50     nan     nan   0.625   0.455     0    0    6    5    11    0
  saved results → graphpath/artifacts/thyroid/results.json
  wrote LaTeX table → graphpath/artifacts/thyroid/tex/05_metrics.tex
  saved pathway importance → graphpath/artifacts/thyroid/importance.npz

[cv] seed=4  graphpath x thyroid  done in 8s → results_cv/seed4/graphpath__thyroid.json
[cv] seed=4  path x thyroid  → starting
cohort           : thyroid
scores csv       : /work/mech-ai-scratch/tirtho/TherapAgent/Intermediate Dataset/Thyroid_Cancer.csv
mapping csv      : /work/mech-ai-scratch/tirtho/TherapAgent/Final DataSet/Thyroid_Cancer_Final.csv
artifacts dir    : /work/mech-ai-scratch/tirtho/TherapAgent/path/artifacts/thyroid
PHASE 1: Environment
  Python     : 3.11.11
  numpy      : 2.4.4
  pandas     : 3.0.3
  scipy      : 1.17.1
  sklearn    : 1.8.0
  torch      : 2.4.1+cu118
  wrote LaTeX table → path/artifacts/thyroid/tex/01_environment.tex

PHASE 2: Reactome Jaccard adjacency
  pathway rows in scores CSV     : 1706
  matched pathways               : 1431 (missing 275)
  undirected edges               : 243210
  max Jaccard (after norm)       : 1.000
  median pathway gene-set size   : 42
  degree min/mean/max            : 7 / 339.9 / 1270
  saved checkpoint → path/artifacts/thyroid/reactome.pkl
  wrote LaTeX table → path/artifacts/thyroid/tex/02_pathway_graph.tex

PHASE 3: Data preparation
  scores.csv samples             : 572
  mapping.csv labeled samples    : 109
  intersection (used by model)   : 109
  X shape                        : (109, 1431)
  Y shape                        : (109, 3)
  split (n)                      : train=87 val=11 test=11
  pos weights                    : TMT=16.40, RT=0.78, OS=0.10
  wrote LaTeX tables → path/artifacts/thyroid/tex/

PHASE 4: Training
  device                         : cuda
  pathways                       : 1431
  transformer layers / heads     : 2 / 4
  trainable params               : 4,295,292
  ep   1 *  train 0.7465  val 0.7897  lr 1.0e-04
  ep   2 *  train 0.7461  val 0.7863  lr 1.0e-04
  ep   3 *  train 0.7228  val 0.7834  lr 1.0e-04
  ep   4 *  train 0.6999  val 0.7817  lr 1.0e-04
  ep   5 *  train 0.6922  val 0.7817  lr 1.0e-04
  ep  10    train 0.6612  val 0.7825  lr 1.0e-04
  ep  12 *  train 0.6540  val 0.7729  lr 1.0e-04
  ep  13 *  train 0.6598  val 0.7710  lr 1.0e-04
  ep  14 *  train 0.6454  val 0.7685  lr 1.0e-04
  ep  15    train 0.6581  val 0.7716  lr 1.0e-04
  ep  20    train 0.6525  val 0.7685  lr 1.0e-04
  ep  21 *  train 0.6458  val 0.7665  lr 1.0e-04
  ep  22 *  train 0.6162  val 0.7645  lr 1.0e-04
  ep  23 *  train 0.6193  val 0.7545  lr 1.0e-04
  ep  24 *  train 0.6176  val 0.7501  lr 1.0e-04
  ep  25    train 0.5905  val 0.7587  lr 1.0e-04
  ep  30    train 0.5897  val 0.7755  lr 1.0e-04
  ep  35    train 0.5743  val 0.7677  lr 5.0e-05
  ep  37 *  train 0.5407  val 0.7314  lr 5.0e-05
  ep  39 *  train 0.5235  val 0.7231  lr 5.0e-05
  ep  40 *  train 0.5267  val 0.7209  lr 5.0e-05
  ep  41 *  train 0.5187  val 0.7135  lr 5.0e-05
  ep  45    train 0.5229  val 0.7204  lr 5.0e-05
  ep  50    train 0.5263  val 0.7257  lr 5.0e-05
  ep  55    train 0.5003  val 0.7314  lr 2.5e-05
  ep  60    train 0.4732  val 0.7319  lr 2.5e-05
  ep  65    train 0.4986  val 0.7570  lr 1.3e-05
  early stop @ epoch 66
  saved checkpoint → path/artifacts/thyroid/path.pt
  wrote LaTeX table → path/artifacts/thyroid/tex/04_training_summary.tex

PHASE 5: Evaluation

  === VAL ===
  head    thr   AUROC   AUPRC      F1     Acc    TN   FP   FN   TP    n+   n-
  TMT    0.52   0.700   0.250   0.400   0.727     7    3    0    1     1   10
  RT     0.37   0.600   0.740   0.714   0.636     2    3    1    5     6    5
  OS     0.50     nan     nan   0.625   0.455     0    0    6    5    11    0

  === TEST ===
  head    thr   AUROC   AUPRC      F1     Acc    TN   FP   FN   TP    n+   n-
  TMT    0.52   1.000   1.000   0.286   0.545     5    5    0    1     1   10
  RT     0.37   0.133   0.417   0.625   0.455     0    5    1    5     6    5
  OS     0.50     nan     nan   0.706   0.545     0    0    5    6    11    0
  saved results → path/artifacts/thyroid/results.json
  wrote LaTeX table → path/artifacts/thyroid/tex/05_metrics.tex
  saved pathway importance → path/artifacts/thyroid/importance.npz

[cv] seed=4  path x thyroid  done in 23s → results_cv/seed4/path__thyroid.json
[aggregate] seeds = [0, 1, 2, 3, 4]
  wrote results_cv/summary.json
  wrote results_cv/cv_table.tex
  wrote results_cv/boot_tests.tex
[aggregate] done.

[cv] complete. Aggregated table → results_cv/cv_table.tex
